state,latitude,longitude
Alabama,35.0041,-88.1955
Alabama,34.9918,-85.6068
Alabama,32.8404,-85.1756
Alabama,32.2593,-84.8927
Alabama,32.1535,-85.0342
Alabama,31.7947,-85.1358
Alabama,31.52,-85.0438
Alabama,31.3384,-85.0836
Alabama,31.2093,-85.107
Alabama,31.0023,-84.9944
Alabama,30.9953,-87.6009
Alabama,30.9423,-87.5926
Alabama,30.8539,-87.6256
Alabama,30.6745,-87.4072
Alabama,30.4404,-87.3688
Alabama,30.1463,-87.524
Alabama,30.1546,-88.3864
Alabama,31.8939,-88.4743
Alabama,34.8938,-88.1021
Alabama,34.9479,-88.1721
Alabama,34.9107,-88.1461
Arkansas,33.0225,-94.0416
Arkansas,33.0075,-91.2057
Arkansas,33.118,-91.1989
Arkansas,33.1824,-91.1041
Arkansas,33.3053,-91.1343
Arkansas,33.4211,-91.1646
Arkansas,33.4337,-91.2263
Arkansas,33.5403,-91.2524
Arkansas,33.6112,-91.1797
Arkansas,33.6855,-91.2524
Arkansas,33.6946,-91.1261
Arkansas,33.7883,-91.1412
Arkansas,33.77,-91.0451
Arkansas,33.8328,-91.0341
Arkansas,33.9399,-91.0863
Arkansas,34.0208,-90.9256
Arkansas,34.0856,-90.9036
Arkansas,34.1345,-90.9586
Arkansas,34.1675,-90.9132
Arkansas,34.138,-90.8501
Arkansas,34.2311,-90.9325
Arkansas,34.3446,-90.6935
Arkansas,34.4409,-90.5603
Arkansas,34.5348,-90.5548
Arkansas,34.5959,-90.5768
Arkansas,34.7213,-90.5301
Arkansas,34.7574,-90.5328
Arkansas,34.878,-90.4546
Arkansas,34.8454,-90.3529
Arkansas,34.869,-90.2911
Arkansas,35.0255,-90.3104
Arkansas,35.1154,-90.2843
Arkansas,35.1323,-90.1772
Arkansas,35.1985,-90.1112
Arkansas,35.2826,-90.1524
Arkansas,35.4383,-90.1332
Arkansas,35.5579,-90.0206
Arkansas,35.674,-89.978
Arkansas,35.7287,-89.9547
Arkansas,35.9169,-89.6594
Arkansas,35.9658,-89.6883
Arkansas,36.0013,-89.713
Arkansas,35.9958,-90.3735
Arkansas,36.1268,-90.2664
Arkansas,36.2875,-90.0934
Arkansas,36.3892,-90.0742
Arkansas,36.418,-90.1511
Arkansas,36.4997,-90.1566
Arkansas,36.4986,-94.6198
Arkansas,35.3801,-94.4412
Arkansas,33.6318,-94.4893
Arkansas,33.6421,-94.4522
Arkansas,33.5597,-94.4
Arkansas,33.5883,-94.2462
Arkansas,33.5872,-94.1885
Arkansas,33.5345,-94.0375
Arkansas,33.4314,-94.043
Arkansas,33.0213,-94.043
Arizona,36.9993,-112.5989
Arizona,37.0004,-110.863
Arizona,37.0004,-109.0475
Arizona,31.3325,-109.0503
Arizona,31.3325,-111.0718
Arizona,32.4935,-114.8126
Arizona,32.5184,-114.8099
Arizona,32.5827,-114.8044
Arizona,32.6246,-114.7992
Arizona,32.67,-114.7474
Arizona,32.7457,-114.7014
Arizona,32.7342,-114.6176
Arizona,32.7422,-114.5819
Arizona,32.7584,-114.5393
Arizona,32.8167,-114.5095
Arizona,32.845,-114.4696
Arizona,32.9107,-114.4817
Arizona,32.9741,-114.4803
Arizona,33.0317,-114.5256
Arizona,33.0259,-114.6094
Arizona,33.0317,-114.6588
Arizona,33.0904,-114.7096
Arizona,33.2065,-114.6849
Arizona,33.2846,-114.722
Arizona,33.3546,-114.6973
Arizona,33.4051,-114.7258
Arizona,33.412,-114.6533
Arizona,33.5016,-114.5888
Arizona,33.5317,-114.5599
Arizona,33.6306,-114.5187
Arizona,33.6786,-114.5297
Arizona,33.7083,-114.494
Arizona,33.7609,-114.5036
Arizona,33.8157,-114.5284
Arizona,33.8545,-114.5325
Arizona,33.9285,-114.538
Arizona,33.953,-114.5235
Arizona,34.0049,-114.4748
Arizona,34.0299,-114.4308
Arizona,34.0891,-114.4363
Arizona,34.1357,-114.3526
Arizona,34.172,-114.2908
Arizona,34.2044,-114.2255
Arizona,34.2595,-114.1685
Arizona,34.2572,-114.1301
Arizona,34.3037,-114.1397
Arizona,34.3664,-114.2276
Arizona,34.4012,-114.2633
Arizona,34.4534,-114.3388
Arizona,34.493,-114.3608
Arizona,34.5292,-114.3811
Arizona,34.5959,-114.4377
Arizona,34.6547,-114.4569
Arizona,34.7506,-114.5297
Arizona,34.8172,-114.5847
Arizona,34.8724,-114.6341
Arizona,34.949,-114.6313
Arizona,35.0342,-114.6351
Arizona,35.1019,-114.6451
Arizona,35.1233,-114.619
Arizona,35.1716,-114.5682
Arizona,35.3364,-114.5984
Arizona,35.4506,-114.6643
Arizona,35.578,-114.6753
Arizona,35.6171,-114.6547
Arizona,35.6528,-114.6918
Arizona,35.7053,-114.7028
Arizona,35.805,-114.7093
Arizona,35.8679,-114.6602
Arizona,35.9836,-114.7426
Arizona,36.0891,-114.7536
Arizona,36.1124,-114.6794
Arizona,36.1423,-114.6327
Arizona,36.1301,-114.4872
Arizona,36.1445,-114.369
Arizona,36.0746,-114.3038
Arizona,36.0602,-114.3172
Arizona,36.0163,-114.2451
Arizona,36.0402,-114.1438
Arizona,36.0979,-114.115
Arizona,36.1101,-114.1274
Arizona,36.119,-114.1054
Arizona,36.1989,-114.0463
Arizona,36.3638,-114.045
Arizona,37.0001,-114.0508
California,41.9983,-124.4009
California,42.0024,-123.6237
California,42.0126,-123.1526
California,42.0075,-122.0073
California,41.9962,-121.2369
California,41.9983,-119.9982
California,39.0021,-120.0037
California,37.5555,-117.9575
California,36.3594,-116.3699
California,35.0075,-114.6368
California,34.9659,-114.6382
California,34.9107,-114.6286
California,34.8758,-114.6382
California,34.8454,-114.597
California,34.789,-114.5682
California,34.7269,-114.4968
California,34.6648,-114.4501
California,34.6581,-114.4597
California,34.5869,-114.4322
California,34.5235,-114.3787
California,34.4601,-114.3869
California,34.45,-114.3361
California,34.4375,-114.3031
California,34.4024,-114.2674
California,34.3559,-114.1864
California,34.3049,-114.1383
California,34.2561,-114.1315
California,34.2595,-114.1651
California,34.2044,-114.2249
California,34.1914,-114.2221
California,34.172,-114.2908
California,34.1368,-114.3237
California,34.1186,-114.3622
California,34.1118,-114.4089
California,34.0856,-114.4363
California,34.0276,-114.4336
California,34.0117,-114.4652
California,33.9582,-114.5119
California,33.9308,-114.5366
California,33.9058,-114.5091
California,33.8613,-114.5256
California,33.8248,-114.5215
California,33.7597,-114.505
California,33.7083,-114.494
California,33.6832,-114.5284
California,33.6363,-114.5242
California,33.5895,-114.5393
California,33.5528,-114.5242
California,33.5311,-114.5586
California,33.507,-114.5778
California,33.4418,-114.6245
California,33.4142,-114.6506
California,33.4039,-114.7055
California,33.3546,-114.6973
California,33.3041,-114.7302
California,33.2858,-114.7206
California,33.2754,-114.6808
California,33.2582,-114.6698
California,33.2467,-114.6904
California,33.172,-114.6794
California,33.0904,-114.7083
California,33.0858,-114.6918
California,33.0328,-114.6629
California,33.0501,-114.6451
California,33.0305,-114.6286
California,33.0282,-114.5888
California,33.0351,-114.575
California,33.0328,-114.5174
California,32.9718,-114.4913
California,32.9764,-114.4775
California,32.9372,-114.4844
California,32.8427,-114.4679
California,32.8161,-114.5091
California,32.785,-114.5311
California,32.7573,-114.5284
California,32.7503,-114.5641
California,32.7353,-114.6162
California,32.748,-114.6986
California,32.7191,-114.722
California,32.6868,-115.1944
California,32.5121,-117.3395
California,32.7838,-117.4823
California,33.0501,-117.5977
California,33.2341,-117.6814
California,33.4578,-118.0591
California,33.5403,-118.629
California,33.7928,-118.7073
California,33.9582,-119.3706
California,34.1925,-120.005
California,34.2561,-120.7164
California,34.536,-120.9128
California,34.9749,-120.8427
California,35.2131,-121.1325
California,35.5255,-121.322
California,35.9691,-121.8013
California,36.2808,-122.1446
California,36.7268,-122.1721
California,37.2227,-122.6871
California,37.7783,-122.8903
California,37.8965,-123.2378
California,38.3449,-123.3202
California,38.7423,-123.8338
California,38.9946,-123.9793
California,39.3088,-124.0329
California,39.7642,-124.0823
California,40.1663,-124.5314
California,40.4658,-124.6509
California,41.011,-124.3144
California,41.2386,-124.3419
California,41.717,-124.4545
California,41.9983,-124.4009
Colorado,37.0004,-109.0448
Colorado,36.9949,-102.0424
Colorado,41.0006,-102.0534
Colorado,40.9996,-109.0489
Colorado,37.0004,-109.0448
Connecticut,42.0498,-73.4875
Connecticut,42.0511,-73.4247
Connecticut,42.0371,-72.8146
Connecticut,41.9983,-72.8174
Connecticut,42.0044,-72.7638
Connecticut,42.036,-72.7563
Connecticut,42.0368,-72.6945
Connecticut,42.0309,-72.6086
Connecticut,42.0269,-72.6059
Connecticut,42.0269,-72.5784
Connecticut,42.035,-72.5729
Connecticut,42.035,-72.4026
Connecticut,42.0248,-71.7984
Connecticut,41.6832,-71.7874
Connecticut,41.4165,-71.7984
Connecticut,41.3892,-71.8341
Connecticut,41.3273,-71.8526
Connecticut,41.3309,-71.8938
Connecticut,41.3103,-71.9302
Connecticut,41.2907,-72.0195
Connecticut,41.2618,-72.0827
Connecticut,41.1962,-72.4322
Connecticut,41.0866,-73.0007
Connecticut,41.0255,-73.2493
Connecticut,40.9509,-73.6132
Connecticut,40.983,-73.6606
Connecticut,41.0338,-73.6723
Connecticut,41.1011,-73.7272
Connecticut,41.2153,-73.4834
Connecticut,41.2953,-73.5507
Connecticut,41.4906,-73.5329
Connecticut,42.0493,-73.4875
Delaware,39.7188,-75.7919
Delaware,39.521,-75.7837
Delaware,38.9081,-75.7288
Delaware,38.5911,-75.7068
Delaware,38.46,-75.6944
Delaware,38.4482,-74.8608
Delaware,38.8654,-74.8526
Delaware,38.8451,-75.0504
Delaware,39.0565,-75.1678
Delaware,39.2525,-75.3236
Delaware,39.3662,-75.461
Delaware,39.4542,-75.5592
Delaware,39.4908,-75.5578
Delaware,39.5713,-75.5118
Delaware,39.6284,-75.5557
Delaware,39.8106,-75.3937
Delaware,39.8249,-75.4692
Delaware,39.8296,-75.6477
Delaware,39.7199,-75.7906
Florida,30.9988,-87.605
Florida,30.9964,-86.5613
Florida,31.0035,-85.5313
Florida,31.0012,-85.1193
Florida,31.0023,-85.0012
Florida,30.9364,-84.9847
Florida,30.8845,-84.9367
Florida,30.8409,-84.9271
Florida,30.7902,-84.9257
Florida,30.7489,-84.9147
Florida,30.6993,-84.8611
Florida,30.6911,-84.4272
Florida,30.6509,-83.5991
Florida,30.5895,-82.5595
Florida,30.5682,-82.2134
Florida,30.5315,-82.2134
Florida,30.3883,-82.1997
Florida,30.3598,-82.1544
Florida,30.3598,-82.0638
Florida,30.4877,-82.0226
Florida,30.6308,-82.0473
Florida,30.6757,-82.0514
Florida,30.7111,-82.0377
Florida,30.7371,-82.0514
Florida,30.7678,-82.0102
Florida,30.7914,-82.0322
Florida,30.7997,-81.9717
Florida,30.8244,-81.9608
Florida,30.8056,-81.8893
Florida,30.7914,-81.8372
Florida,30.7796,-81.796
Florida,30.7536,-81.6696
Florida,30.7289,-81.6051
Florida,30.7324,-81.5666
Florida,30.7229,-81.5295
Florida,30.7253,-81.4856
Florida,30.7111,-81.4609
Florida,30.7088,-81.4169
Florida,30.7064,-81.2274
Florida,30.4345,-81.2357
Florida,30.316,-81.1725
Florida,29.7763,-81.0379
Florida,28.8603,-80.5861
Florida,28.4771,-80.365
Florida,28.1882,-80.3815
Florida,27.1789,-79.9255
Florida,26.8425,-79.8198
Florida,26.1394,-79.9118
Florida,25.5115,-79.9997
Florida,24.8802,-80.3815
Florida,24.5384,-80.8704
Florida,24.3959,-81.925
Florida,24.4496,-82.2066
Florida,24.5484,-82.3137
Florida,24.6982,-82.1997
Florida,25.2112,-81.3977
Florida,25.6019,-81.4622
Florida,25.9235,-81.9456
Florida,26.3439,-82.2876
Florida,26.9098,-82.5307
Florida,27.3315,-82.8342
Florida,27.7565,-83.0182
Florida,28.0574,-83.0017
Florida,28.6098,-82.8548
Florida,28.9697,-83.0264
Florida,29.0478,-83.205
Florida,29.4157,-83.5318
Florida,29.9133,-83.9767
Florida,29.893,-84.1072
Florida,29.694,-84.4409
Florida,29.4551,-85.0465
Florida,29.4946,-85.361
Florida,29.7262,-85.5807
Florida,30.1594,-86.1946
Florida,30.2175,-86.851
Florida,30.1499,-87.5171
Florida,30.3006,-87.4429
Florida,30.4256,-87.375
Florida,30.483,-87.3743
Florida,30.5658,-87.3907
Florida,30.6344,-87.4004
Florida,30.6763,-87.4141
Florida,30.7702,-87.5253
Florida,30.8527,-87.6256
Florida,30.947,-87.5912
Florida,30.9682,-87.5912
Florida,30.9964,-87.605
Georgia,34.9974,-85.6082
Georgia,34.9906,-84.7266
Georgia,34.9895,-84.158
Georgia,34.9996,-83.1088
Georgia,34.9287,-83.1418
Georgia,34.8318,-83.3025
Georgia,34.7281,-83.356
Georgia,34.6569,-83.308
Georgia,34.5744,-83.1528
Georgia,34.4839,-83.0072
Georgia,34.4681,-82.8918
Georgia,34.4443,-82.8589
Georgia,34.2674,-82.749
Georgia,34.1254,-82.6831
Georgia,34.014,-82.5952
Georgia,33.8647,-82.3988
Georgia,33.7563,-82.2505
Georgia,33.6695,-82.2217
Georgia,33.5963,-82.1558
Georgia,33.5036,-82.0432
Georgia,33.3707,-81.9484
Georgia,33.2077,-81.8303
Georgia,33.1674,-81.7795
Georgia,33.1456,-81.7424
Georgia,33.0881,-81.6078
Georgia,33.0075,-81.5034
Georgia,32.9418,-81.5089
Georgia,32.6914,-81.4142
Georgia,32.5815,-81.4087
Georgia,32.5283,-81.2769
Georgia,32.4576,-81.1945
Georgia,32.3185,-81.1642
Georgia,32.2151,-81.1436
Georgia,32.1128,-81.1134
Georgia,32.0477,-80.9225
Georgia,32.05,-80.696
Georgia,31.8881,-80.7289
Georgia,31.4697,-80.9665
Georgia,30.9988,-81.1011
Georgia,30.7041,-81.2288
Georgia,30.7241,-81.6023
Georgia,30.7713,-81.7657
Georgia,30.8221,-81.9498
Georgia,30.756,-82.0239
Georgia,30.6379,-82.0459
Georgia,30.4866,-82.0239
Georgia,30.4309,-82.0363
Georgia,30.3575,-82.061
Georgia,30.3598,-82.1585
Georgia,30.3859,-82.2025
Georgia,30.4842,-82.2148
Georgia,30.5682,-82.2162
Georgia,30.6131,-82.9688
Georgia,30.7041,-84.8639
Georgia,30.7831,-84.9257
Georgia,30.9117,-84.9586
Georgia,30.9741,-84.9985
Georgia,31.1282,-85.063
Georgia,31.2116,-85.107
Georgia,31.5247,-85.0493
Georgia,31.8006,-85.1358
Georgia,31.9592,-85.0919
Georgia,32.157,-85.0342
Georgia,32.25,-84.9023
Georgia,32.3974,-84.9628
Georgia,32.5468,-85.0342
Georgia,32.6949,-85.1001
Georgia,32.8138,-85.166
Georgia,32.9833,-85.2072
Georgia,33.6512,-85.3418
Georgia,34.562,-85.5231
Georgia,34.9929,-85.6068
Iowa,40.5848,-95.7623
Iowa,40.5785,-93.5445
Iowa,40.6129,-91.7372
Iowa,40.5545,-91.6768
Iowa,40.5451,-91.6246
Iowa,40.3622,-91.4365
Iowa,40.4637,-91.3623
Iowa,40.5482,-91.4021
Iowa,40.6931,-91.1124
Iowa,40.8107,-91.1028
Iowa,40.9218,-90.9668
Iowa,41.1642,-91.0121
Iowa,41.2406,-91.1082
Iowa,41.4067,-91.0451
Iowa,41.451,-90.7086
Iowa,41.5178,-90.4793
Iowa,41.5908,-90.3419
Iowa,41.7457,-90.2788
Iowa,41.8164,-90.2074
Iowa,41.9023,-90.1538
Iowa,42.0962,-90.1744
Iowa,42.1441,-90.2692
Iowa,42.2905,-90.4298
Iowa,42.4093,-90.537
Iowa,42.5217,-90.64
Iowa,42.636,-90.7127
Iowa,42.6956,-90.7883
Iowa,42.7712,-91.0533
Iowa,42.8448,-91.0904
Iowa,42.9082,-91.1398
Iowa,43.0609,-91.1549
Iowa,43.1391,-91.1522
Iowa,43.2882,-91.0547
Iowa,43.3322,-91.2057
Iowa,43.414,-91.2236
Iowa,43.5008,-91.2305
Iowa,43.4998,-96.5973
Iowa,43.4818,-96.611
Iowa,43.3871,-96.5245
Iowa,43.2232,-96.5533
Iowa,43.1301,-96.4421
Iowa,42.9243,-96.5479
Iowa,42.7188,-96.6357
Iowa,42.6158,-96.5561
Iowa,42.5055,-96.4847
Iowa,42.4599,-96.3995
Iowa,42.3667,-96.405
Iowa,42.2722,-96.3446
Iowa,42.2051,-96.3625
Iowa,41.9983,-96.2416
Iowa,41.9513,-96.1372
Iowa,41.7662,-96.0741
Iowa,41.6267,-96.0988
Iowa,41.4561,-95.9477
Iowa,41.2819,-95.8804
Iowa,41.0338,-95.8653
Iowa,40.8346,-95.8365
Iowa,40.6775,-95.8461
Iowa,40.5837,-95.761
Idaho,49,-117.0319
Idaho,49.0018,-116.0486
Idaho,47.9752,-116.0445
Idaho,47.5765,-115.6915
Idaho,47.5487,-115.7574
Idaho,47.4239,-115.7595
Idaho,47.3109,-115.535
Idaho,47.2606,-115.3235
Idaho,47.1888,-115.2878
Idaho,47.1542,-115.2493
Idaho,46.9728,-115.0433
Idaho,46.8677,-114.9472
Idaho,46.7201,-114.7865
Idaho,46.6984,-114.7549
Idaho,46.6325,-114.5874
Idaho,46.6325,-114.4638
Idaho,46.6466,-114.3279
Idaho,46.5135,-114.343
Idaho,46.453,-114.3896
Idaho,46.3488,-114.4144
Idaho,46.2682,-114.4611
Idaho,46.1227,-114.5105
Idaho,45.8585,-114.4418
Idaho,45.7742,-114.5654
Idaho,45.6745,-114.5229
Idaho,45.5621,-114.5654
Idaho,45.5439,-114.4666
Idaho,45.4601,-114.3375
Idaho,45.5468,-114.2441
Idaho,45.5631,-114.1342
Idaho,45.6889,-113.9708
Idaho,45.6102,-113.8403
Idaho,45.4409,-113.7978
Idaho,45.272,-113.7085
Idaho,45.026,-113.4256
Idaho,44.9405,-113.4998
Idaho,44.7887,-113.3459
Idaho,44.8062,-113.2471
Idaho,44.735,-113.118
Idaho,44.4887,-113.0246
Idaho,44.3592,-112.8502
Idaho,44.4151,-112.831
Idaho,44.4887,-112.7266
Idaho,44.4504,-112.3901
Idaho,44.5347,-112.327
Idaho,44.522,-112.1127
Idaho,44.5582,-111.8848
Idaho,44.5132,-111.8271
Idaho,44.5396,-111.4645
Idaho,44.6198,-111.5057
Idaho,44.7292,-111.3684
Idaho,44.4759,-111.0539
Idaho,43.8623,-111.0471
Idaho,42.0013,-111.0471
Idaho,41.9962,-112.1663
Idaho,41.9871,-113.8458
Idaho,41.9942,-114.0422
Idaho,42.0013,-114.8222
Idaho,41.9973,-115.9126
Idaho,41.9962,-117.014
Idaho,42.0013,-117.0264
Idaho,43.782,-117.0277
Idaho,43.833,-117.0325
Idaho,43.8632,-117.003
Idaho,43.9073,-116.9776
Idaho,44.0244,-116.9302
Idaho,44.0491,-116.9735
Idaho,44.1014,-116.933
Idaho,44.1561,-116.8945
Idaho,44.1965,-116.9714
Idaho,44.2442,-116.981
Idaho,44.2486,-117.0339
Idaho,44.2304,-117.0525
Idaho,44.2585,-117.0895
Idaho,44.2806,-117.1122
Idaho,44.259,-117.1541
Idaho,44.2973,-117.2255
Idaho,44.3445,-117.1994
Idaho,44.3813,-117.2372
Idaho,44.4769,-117.2269
Idaho,44.5234,-117.1836
Idaho,44.5376,-117.1458
Idaho,44.7423,-117.0442
Idaho,44.7921,-116.9316
Idaho,44.8568,-116.898
Idaho,44.9356,-116.8327
Idaho,44.9624,-116.8513
Idaho,44.9896,-116.8554
Idaho,45.0313,-116.8417
Idaho,45.0968,-116.7819
Idaho,45.1627,-116.7229
Idaho,45.2178,-116.7105
Idaho,45.3213,-116.6741
Idaho,45.3984,-116.6185
Idaho,45.4433,-116.5883
Idaho,45.463,-116.5553
Idaho,45.5371,-116.5334
Idaho,45.614,-116.464
Idaho,45.6904,-116.5354
Idaho,45.734,-116.5354
Idaho,45.7541,-116.5594
Idaho,45.7843,-116.6357
Idaho,45.7781,-116.5965
Idaho,45.7805,-116.6597
Idaho,45.8259,-116.7105
Idaho,45.8159,-116.7586
Idaho,45.8341,-116.7908
Idaho,45.8642,-116.8046
Idaho,45.9053,-116.8595
Idaho,45.9545,-116.8739
Idaho,45.9769,-116.8925
Idaho,46.0218,-116.9302
Idaho,46.0932,-116.9838
Idaho,46.1385,-116.9344
Idaho,46.1727,-116.9268
Idaho,46.2007,-116.9646
Idaho,46.2435,-116.9591
Idaho,46.2782,-116.992
Idaho,46.3152,-117.0209
Idaho,46.3446,-117.0511
Idaho,46.427,-117.0408
Idaho,46.9451,-117.0394
Idaho,48.9996,-117.0319
Illinois,42.5116,-90.629
Illinois,42.4924,-87.0213
Illinois,41.7641,-87.2067
Illinois,41.7611,-87.5226
Illinois,39.6417,-87.5336
Illinois,39.3566,-87.5308
Illinois,39.1386,-87.6517
Illinois,38.9445,-87.5157
Illinois,38.7294,-87.5047
Illinois,38.6115,-87.6146
Illinois,38.4944,-87.6544
Illinois,38.374,-87.778
Illinois,38.2856,-87.8371
Illinois,38.2414,-87.9758
Illinois,38.1454,-87.9291
Illinois,37.9788,-88.0225
Illinois,37.89,-88.0458
Illinois,37.7881,-88.0321
Illinois,37.6349,-88.1529
Illinois,37.5097,-88.0609
Illinois,37.4149,-88.4152
Illinois,37.2828,-88.5086
Illinois,37.1428,-88.4221
Illinois,37.0585,-88.499
Illinois,37.1428,-88.7256
Illinois,37.2128,-88.9453
Illinois,37.1559,-89.0689
Illinois,37.0376,-89.165
Illinois,36.9894,-89.2873
Illinois,37.1505,-89.4356
Illinois,37.2762,-89.5345
Illinois,37.3996,-89.4315
Illinois,37.6936,-89.5358
Illinois,37.9767,-89.967
Illinois,38.2587,-90.379
Illinois,38.6169,-90.2376
Illinois,38.7573,-90.1744
Illinois,38.8247,-90.1167
Illinois,38.8846,-90.1799
Illinois,38.968,-90.4504
Illinois,38.8654,-90.5905
Illinois,39.0405,-90.7086
Illinois,39.2301,-90.7306
Illinois,39.3173,-90.835
Illinois,39.3853,-90.9338
Illinois,39.5559,-91.1398
Illinois,39.7262,-91.3554
Illinois,39.857,-91.4406
Illinois,39.994,-91.4941
Illinois,40.1694,-91.512
Illinois,40.3497,-91.4667
Illinois,40.4166,-91.3939
Illinois,40.5566,-91.4021
Illinois,40.6265,-91.2524
Illinois,40.6963,-91.1151
Illinois,40.8232,-91.089
Illinois,40.9312,-90.9792
Illinois,41.1642,-91.0162
Illinois,41.2355,-91.1055
Illinois,41.417,-91.0368
Illinois,41.4458,-90.8487
Illinois,41.4417,-90.7251
Illinois,41.5816,-90.3516
Illinois,41.7713,-90.2637
Illinois,41.9023,-90.1538
Illinois,42.0819,-90.1758
Illinois,42.2021,-90.3598
Illinois,42.2936,-90.4395
Illinois,42.4032,-90.5356
Illinois,42.4843,-90.6564
Indiana,41.7611,-87.5253
Indiana,41.7611,-84.809
Indiana,39.0981,-84.8199
Indiana,39.0533,-84.8927
Indiana,38.8996,-84.8625
Indiana,38.8312,-84.8268
Indiana,38.7841,-84.8145
Indiana,38.7905,-84.8941
Indiana,38.7809,-84.9861
Indiana,38.6877,-85.1797
Indiana,38.7198,-85.442
Indiana,38.5653,-85.4091
Indiana,38.4461,-85.5986
Indiana,38.2695,-85.751
Indiana,38.2824,-85.8266
Indiana,38.2414,-85.8376
Indiana,38.0967,-85.9035
Indiana,38.0232,-85.92
Indiana,37.9594,-86.0477
Indiana,38.0102,-86.0944
Indiana,38.0578,-86.2729
Indiana,38.0935,-86.2811
Indiana,38.1346,-86.2729
Indiana,38.1842,-86.3704
Indiana,38.0416,-86.5187
Indiana,37.9193,-86.5874
Indiana,37.8402,-86.6409
Indiana,37.9085,-86.6478
Indiana,37.9085,-86.6876
Indiana,37.9821,-86.8236
Indiana,37.9464,-86.9019
Indiana,37.9009,-87.0392
Indiana,37.7924,-87.1394
Indiana,37.9464,-87.4429
Indiana,37.9756,-87.5885
Indiana,37.9225,-87.6283
Indiana,37.8694,-87.6915
Indiana,37.9236,-87.8879
Indiana,37.7718,-87.962
Indiana,37.787,-88.0321
Indiana,37.8092,-88.0376
Indiana,37.8011,-88.0643
Indiana,37.8206,-88.0925
Indiana,37.8223,-88.0451
Indiana,37.8483,-88.0575
Indiana,37.9041,-88.098
Indiana,37.9307,-88.0705
Indiana,37.9561,-88.0369
Indiana,37.9669,-88.0122
Indiana,38.0102,-88.0259
Indiana,38.0384,-88.0417
Indiana,38.053,-88.0005
Indiana,38.0762,-87.9607
Indiana,38.1,-88.0163
Indiana,38.1313,-87.971
Indiana,38.1497,-87.9284
Indiana,38.1734,-87.9387
Indiana,38.1939,-87.973
Indiana,38.2349,-87.9813
Indiana,38.2608,-87.9421
Indiana,38.2759,-87.8604
Indiana,38.3029,-87.8302
Indiana,38.3233,-87.835
Indiana,38.3567,-87.8137
Indiana,38.3767,-87.7739
Indiana,38.4116,-87.7444
Indiana,38.5149,-87.6448
Indiana,38.546,-87.6723
Indiana,38.5949,-87.6105
Indiana,38.5986,-87.6242
Indiana,38.6828,-87.5343
Indiana,38.7284,-87.5075
Indiana,38.7696,-87.4972
Indiana,38.8247,-87.5322
Indiana,38.9039,-87.5171
Indiana,38.9413,-87.5253
Indiana,38.9712,-87.5281
Indiana,38.9872,-87.5761
Indiana,39.0906,-87.6228
Indiana,39.1066,-87.6517
Indiana,39.1365,-87.6599
Indiana,39.1695,-87.6366
Indiana,39.2493,-87.5899
Indiana,39.3492,-87.5336
Indiana,41.76,-87.5253
Kansas,40.0034,-102.0506
Kansas,40.0034,-102.0506
Kansas,36.9927,-102.0438
Kansas,36.9982,-94.6211
Kansas,38.8803,-94.6046
Kansas,39.0789,-94.6143
Kansas,39.1971,-94.6184
Kansas,39.1673,-94.7255
Kansas,39.2759,-94.8793
Kansas,39.5612,-95.099
Kansas,39.7283,-94.8807
Kansas,39.8286,-94.893
Kansas,39.8823,-94.9342
Kansas,39.8971,-95.0098
Kansas,39.876,-95.0922
Kansas,39.9445,-95.2213
Kansas,40.0087,-95.3036
Kansas,40.0024,-102.0506
Kentucky,36.4986,-89.5372
Kentucky,36.5074,-89.301
Kentucky,36.5008,-88.6871
Kentucky,36.4931,-88.0568
Kentucky,36.6695,-88.0692
Kentucky,36.6343,-87.8535
Kentucky,36.6265,-86.5654
Kentucky,36.5979,-83.6375
Kentucky,36.686,-83.3423
Kentucky,36.7466,-83.1377
Kentucky,36.9762,-82.8589
Kentucky,37.2894,-82.3192
Kentucky,37.4934,-82.0308
Kentucky,37.6653,-82.2121
Kentucky,37.8618,-82.4016
Kentucky,37.9908,-82.5073
Kentucky,38.1778,-82.6392
Kentucky,38.3761,-82.5952
Kentucky,38.503,-82.7477
Kentucky,38.5825,-82.8369
Kentucky,38.7316,-82.9015
Kentucky,38.7027,-83.0196
Kentucky,38.619,-83.1418
Kentucky,38.5986,-83.2819
Kentucky,38.6941,-83.5291
Kentucky,38.6351,-83.6595
Kentucky,38.7487,-83.893
Kentucky,38.7701,-84.044
Kentucky,38.8119,-84.2184
Kentucky,38.9872,-84.3228
Kentucky,39.1013,-84.4917
Kentucky,39.1183,-84.6277
Kentucky,39.1439,-84.7554
Kentucky,39.0523,-84.8914
Kentucky,38.9263,-84.8735
Kentucky,38.7894,-84.8131
Kentucky,38.7691,-84.9957
Kentucky,38.6866,-85.1921
Kentucky,38.7209,-85.4407
Kentucky,38.5653,-85.4077
Kentucky,38.4461,-85.5972
Kentucky,38.2748,-85.7455
Kentucky,38.2716,-85.8087
Kentucky,38.2069,-85.865
Kentucky,38.0286,-85.9323
Kentucky,37.955,-86.0422
Kentucky,38.0135,-86.1108
Kentucky,38.0643,-86.2756
Kentucky,38.1389,-86.277
Kentucky,38.1864,-86.369
Kentucky,38.0308,-86.5283
Kentucky,37.9204,-86.5874
Kentucky,37.8423,-86.6423
Kentucky,37.9041,-86.6547
Kentucky,37.9864,-86.825
Kentucky,37.9095,-87.0406
Kentucky,37.7935,-87.1381
Kentucky,37.942,-87.4168
Kentucky,37.9745,-87.5858
Kentucky,37.8749,-87.6929
Kentucky,37.9215,-87.8906
Kentucky,37.7761,-87.9552
Kentucky,37.7903,-88.0307
Kentucky,37.6479,-88.1584
Kentucky,37.5097,-88.0664
Kentucky,37.4193,-88.418
Kentucky,37.2784,-88.5086
Kentucky,37.1428,-88.4248
Kentucky,37.0738,-88.5059
Kentucky,37.1461,-88.7421
Kentucky,37.2249,-88.9522
Kentucky,37.1406,-89.0964
Kentucky,37.0278,-89.1815
Kentucky,36.9488,-89.1032
Kentucky,36.8214,-89.1733
Kentucky,36.7411,-89.1925
Kentucky,36.6265,-89.2007
Kentucky,36.5449,-89.2529
Kentucky,36.6232,-89.3518
Kentucky,36.4986,-89.5345
Louisiana,33.0225,-94.043
Louisiana,33.0179,-93.0048
Louisiana,33.0087,-91.1646
Louisiana,32.9269,-91.2209
Louisiana,32.8773,-91.122
Louisiana,32.8358,-91.1481
Louisiana,32.7642,-91.1412
Louisiana,32.6382,-91.1536
Louisiana,32.5804,-91.1069
Louisiana,32.6093,-91.008
Louisiana,32.4588,-91.0904
Louisiana,32.4379,-91.0355
Louisiana,32.3742,-91.0286
Louisiana,32.315,-90.9064
Louisiana,32.2616,-90.9723
Louisiana,32.1942,-91.0464
Louisiana,32.1198,-91.0739
Louisiana,32.0593,-91.0464
Louisiana,31.9918,-91.1014
Louisiana,31.9498,-91.1865
Louisiana,31.8262,-91.3101
Louisiana,31.7947,-91.3527
Louisiana,31.623,-91.3925
Louisiana,31.6218,-91.5134
Louisiana,31.5668,-91.431
Louisiana,31.513,-91.5161
Louisiana,31.3701,-91.5244
Louisiana,31.2598,-91.5477
Louisiana,31.2692,-91.6425
Louisiana,31.2328,-91.6603
Louisiana,31.1917,-91.5848
Louisiana,31.1047,-91.6287
Louisiana,31.0318,-91.5614
Louisiana,30.9988,-91.6397
Louisiana,31.0012,-89.7336
Louisiana,30.6686,-89.8517
Louisiana,30.5386,-89.7858
Louisiana,30.3148,-89.6347
Louisiana,30.1807,-89.5688
Louisiana,30.1582,-89.496
Louisiana,30.214,-89.1843
Louisiana,30.1463,-89.0373
Louisiana,30.0905,-88.8354
Louisiana,29.8383,-88.7421
Louisiana,29.5758,-88.8712
Louisiana,29.1833,-88.9371
Louisiana,28.9649,-89.0359
Louisiana,28.8832,-89.2282
Louisiana,28.9048,-89.4754
Louisiana,29.121,-89.7418
Louisiana,28.9529,-90.1126
Louisiana,28.912,-90.6619
Louisiana,28.9553,-91.0355
Louisiana,29.121,-91.3211
Louisiana,29.2864,-91.9061
Louisiana,29.436,-92.7452
Louisiana,29.6009,-93.8177
Louisiana,29.6749,-93.8631
Louisiana,29.737,-93.8933
Louisiana,29.793,-93.9304
Louisiana,29.8216,-93.9276
Louisiana,29.8883,-93.837
Louisiana,29.9811,-93.7985
Louisiana,30.0144,-93.7601
Louisiana,30.0691,-93.7106
Louisiana,30.0929,-93.7354
Louisiana,30.1166,-93.6996
Louisiana,30.1997,-93.7271
Louisiana,30.2899,-93.7106
Louisiana,30.335,-93.7656
Louisiana,30.3871,-93.7601
Louisiana,30.4416,-93.6914
Louisiana,30.5102,-93.7106
Louisiana,30.5433,-93.7463
Louisiana,30.5954,-93.7106
Louisiana,30.5906,-93.6914
Louisiana,30.6545,-93.6859
Louisiana,30.6781,-93.6365
Louisiana,30.7513,-93.62
Louisiana,30.789,-93.5925
Louisiana,30.815,-93.5513
Louisiana,30.8645,-93.5623
Louisiana,30.8881,-93.5788
Louisiana,30.9187,-93.5541
Louisiana,30.9423,-93.5294
Louisiana,31.0082,-93.576
Louisiana,31.0318,-93.5101
Louisiana,31.0906,-93.5596
Louisiana,31.1211,-93.5321
Louisiana,31.1799,-93.5349
Louisiana,31.1658,-93.5953
Louisiana,31.2292,-93.6282
Louisiana,31.2668,-93.6118
Louisiana,31.3044,-93.6859
Louisiana,31.3888,-93.6694
Louisiana,31.424,-93.7051
Louisiana,31.4427,-93.6859
Louisiana,31.4755,-93.7573
Louisiana,31.5083,-93.7189
Louisiana,31.5411,-93.804
Louisiana,31.6113,-93.8425
Louisiana,31.6581,-93.8205
Louisiana,31.7071,-93.7985
Louisiana,31.8029,-93.848
Louisiana,31.8892,-93.9029
Louisiana,31.9149,-93.9606
Louisiana,32.0081,-94.043
Louisiana,32.7041,-94.043
Louisiana,33.0225,-94.043
Massachusetts,42.0003,-72.7789
Massachusetts,42.033,-72.7405
Massachusetts,42.033,-72.3779
Massachusetts,42.0228,-71.7984
Massachusetts,42.0085,-71.8011
Massachusetts,42.0197,-71.385
Massachusetts,41.8961,-71.3837
Massachusetts,41.8982,-71.3411
Massachusetts,41.8358,-71.337
Massachusetts,41.8245,-71.3493
Massachusetts,41.7816,-71.3342
Massachusetts,41.7529,-71.2628
Massachusetts,41.6719,-71.1914
Massachusetts,41.6616,-71.1351
Massachusetts,41.6124,-71.1433
Massachusetts,41.5939,-71.131
Massachusetts,41.4973,-71.1214
Massachusetts,41.3149,-71.0266
Massachusetts,41.159,-70.8316
Massachusetts,41.1662,-69.9225
Massachusetts,41.3201,-69.7948
Massachusetts,41.8133,-69.7398
Massachusetts,42.1939,-70.0337
Massachusetts,42.2173,-70.5144
Massachusetts,42.4133,-70.6984
Massachusetts,42.642,-70.3647
Massachusetts,42.8286,-70.4759
Massachusetts,42.876,-70.6133
Massachusetts,42.8619,-70.844
Massachusetts,42.889,-70.9154
Massachusetts,42.8075,-71.0651
Massachusetts,42.8226,-71.1337
Massachusetts,42.7873,-71.1859
Massachusetts,42.7369,-71.1832
Massachusetts,42.747,-71.2189
Massachusetts,42.74,-71.256
Massachusetts,42.6986,-71.2985
Massachusetts,42.7127,-71.9151
Massachusetts,42.7309,-72.5441
Massachusetts,42.745,-73.2541
Massachusetts,42.746,-73.2664
Massachusetts,42.546,-73.3406
Massachusetts,42.2671,-73.4436
Massachusetts,42.1349,-73.4917
Massachusetts,42.088,-73.5081
Massachusetts,42.0483,-73.4985
Massachusetts,42.0452,-73.1841
Massachusetts,42.0371,-72.8146
Massachusetts,41.9962,-72.816
Massachusetts,42.0024,-72.7803
Maryland,39.722,-79.4778
Maryland,39.722,-78.36
Maryland,39.722,-75.7878
Maryland,39.5655,-75.7809
Maryland,39.3152,-75.7617
Maryland,38.9498,-75.7329
Maryland,38.4611,-75.6944
Maryland,38.4482,-74.8581
Maryland,38.02,-74.9721
Maryland,38.0275,-75.2316
Maryland,37.9962,-75.6079
Maryland,37.9951,-75.623
Maryland,37.9464,-75.6436
Maryland,37.9529,-75.7288
Maryland,37.9117,-75.8084
Maryland,37.9095,-75.9512
Maryland,37.9464,-75.943
Maryland,37.9529,-76.0584
Maryland,37.8889,-76.2396
Maryland,37.9474,-76.3454
Maryland,37.9669,-76.4154
Maryland,38.0146,-76.4703
Maryland,38.0275,-76.517
Maryland,38.0751,-76.5363
Maryland,38.1464,-76.6063
Maryland,38.1616,-76.6928
Maryland,38.167,-76.7601
Maryland,38.1637,-76.8494
Maryland,38.208,-76.9482
Maryland,38.2748,-76.9908
Maryland,38.3093,-77.0306
Maryland,38.3761,-77.0114
Maryland,38.4009,-77.043
Maryland,38.3697,-77.0897
Maryland,38.3697,-77.1432
Maryland,38.332,-77.2627
Maryland,38.4525,-77.3135
Maryland,38.5514,-77.2737
Maryland,38.5954,-77.249
Maryland,38.6373,-77.1281
Maryland,38.6737,-77.1378
Maryland,38.7112,-77.076
Maryland,38.7187,-77.0361
Maryland,38.7766,-77.0416
Maryland,38.8451,-77.032
Maryland,38.9025,-77.0708
Maryland,38.957,-77.1395
Maryland,38.9773,-77.2335
Maryland,39.024,-77.2462
Maryland,39.0634,-77.3431
Maryland,39.0717,-77.4351
Maryland,39.0792,-77.4636
Maryland,39.1218,-77.5202
Maryland,39.1804,-77.5092
Maryland,39.2269,-77.4577
Maryland,39.3051,-77.5666
Maryland,39.3067,-77.6321
Maryland,39.3202,-77.7159
Maryland,39.3383,-77.7626
Maryland,39.381,-77.7544
Maryland,39.4288,-77.7602
Maryland,39.4367,-77.8038
Maryland,39.4606,-77.7997
Maryland,39.5019,-77.7859
Maryland,39.5062,-77.8436
Maryland,39.521,-77.8217
Maryland,39.5337,-77.8354
Maryland,39.5231,-77.8656
Maryland,39.5591,-77.8848
Maryland,39.6015,-77.8821
Maryland,39.6078,-77.9974
Maryland,39.6247,-78.0222
Maryland,39.6924,-78.143
Maryland,39.6945,-78.1924
Maryland,39.6839,-78.2062
Maryland,39.6839,-78.2419
Maryland,39.6586,-78.2281
Maryland,39.6226,-78.2776
Maryland,39.6438,-78.3517
Maryland,39.612,-78.3765
Maryland,39.6036,-78.4067
Maryland,39.5824,-78.4177
Maryland,39.575,-78.4245
Maryland,39.5464,-78.4232
Maryland,39.5146,-78.4698
Maryland,39.5189,-78.5687
Maryland,39.5337,-78.6676
Maryland,39.5888,-78.739
Maryland,39.6015,-78.772
Maryland,39.6184,-78.7363
Maryland,39.6438,-78.7775
Maryland,39.6036,-78.7912
Maryland,39.6036,-78.8187
Maryland,39.5549,-78.8571
Maryland,39.4913,-78.9203
Maryland,39.4426,-78.9725
Maryland,39.4834,-79.0542
Maryland,39.4738,-79.0604
Maryland,39.4553,-79.1043
Maryland,39.3853,-79.1936
Maryland,39.3449,-79.2705
Maryland,39.3014,-79.3282
Maryland,39.2535,-79.4044
Maryland,39.2073,-79.4696
Maryland,39.2051,-79.4861
Maryland,39.2546,-79.4861
Maryland,39.3444,-79.4854
Maryland,39.3454,-79.484
Maryland,39.5316,-79.4833
Maryland,39.7214,-79.4772
Maine,45.3425,-71.0129
Maine,45.3328,-70.9525
Maine,45.2294,-70.8618
Maine,45.3917,-70.8247
Maine,45.4274,-70.7808
Maine,45.383,-70.638
Maine,45.5092,-70.719
Maine,45.6544,-70.5721
Maine,45.7292,-70.3894
Maine,45.7924,-70.4169
Maine,45.9368,-70.2493
Maine,45.9597,-70.3098
Maine,46.0923,-70.2946
Maine,46.0989,-70.2589
Maine,46.1342,-70.2466
Maine,46.1903,-70.2905
Maine,46.271,-70.2466
Maine,46.327,-70.204
Maine,46.4151,-70.0571
Maine,46.6956,-69.9994
Maine,47.455,-69.2303
Maine,47.4132,-69.0381
Maine,47.2578,-69.0504
Maine,47.1748,-68.8843
Maine,47.2643,-68.6206
Maine,47.3546,-68.335
Maine,47.3165,-68.1564
Maine,47.1038,-67.8804
Maine,47.0664,-67.7898
Maine,45.9359,-67.7802
Maine,45.9177,-67.7527
Maine,45.7599,-67.809
Maine,45.6208,-67.6524
Maine,45.5987,-67.4533
Maine,45.5044,-67.4176
Maine,45.4823,-67.5014
Maine,45.3714,-67.4231
Maine,45.2768,-67.4863
Maine,45.1297,-67.3434
Maine,45.183,-67.2487
Maine,45.123,-67.1223
Maine,44.8315,-66.9672
Maine,44.7409,-66.8628
Maine,44.4945,-67.3105
Maine,44.3268,-67.9051
Maine,43.8702,-68.6673
Maine,43.7274,-68.8431
Maine,43.6639,-69.7137
Maine,43.5625,-70.0818
Maine,42.9182,-70.5569
Maine,43.0649,-70.7108
Maine,43.1391,-70.8302
Maine,43.2292,-70.8179
Maine,43.3631,-70.9799
Maine,43.5675,-70.9717
Maine,45.3029,-71.0829
Michigan,48.3033,-88.3713
Michigan,48.0101,-87.605
Michigan,46.8902,-84.8584
Michigan,46.6362,-84.765
Michigan,46.4606,-84.5563
Michigan,46.4525,-84.478
Michigan,46.4894,-84.445
Michigan,46.5008,-84.4203
Michigan,46.4989,-84.3956
Michigan,46.5093,-84.375
Michigan,46.5069,-84.3386
Michigan,46.4927,-84.2905
Michigan,46.4951,-84.2651
Michigan,46.5343,-84.2253
Michigan,46.5404,-84.1951
Michigan,46.5272,-84.1779
Michigan,46.5348,-84.1347
Michigan,46.5041,-84.1113
Michigan,46.4189,-84.1457
Michigan,46.372,-84.1395
Michigan,46.3218,-84.1058
Michigan,46.3147,-84.1203
Michigan,46.2672,-84.1148
Michigan,46.2563,-84.0969
Michigan,46.2411,-84.1093
Michigan,46.2098,-84.0859
Michigan,46.1879,-84.0777
Michigan,46.1508,-84.0097
Michigan,46.118,-84.007
Michigan,46.1018,-83.9761
Michigan,46.057,-83.9555
Michigan,46.0604,-83.904
Michigan,46.1185,-83.8264
Michigan,46.1028,-83.7598
Michigan,46.1218,-83.6547
Michigan,46.1056,-83.5723
Michigan,45.9993,-83.4343
Michigan,45.8211,-83.5977
Michigan,45.3396,-82.5197
Michigan,43.5918,-82.1221
Michigan,43.0112,-82.4119
Michigan,42.9956,-82.4249
Michigan,42.9579,-82.4236
Michigan,42.9021,-82.4648
Michigan,42.8543,-82.4689
Michigan,42.81,-82.4826
Michigan,42.7863,-82.4723
Michigan,42.7339,-82.4847
Michigan,42.6855,-82.5032
Michigan,42.638,-82.5108
Michigan,42.6036,-82.5307
Michigan,42.5672,-82.5774
Michigan,42.549,-82.5993
Michigan,42.5521,-82.6501
Michigan,42.5354,-82.668
Michigan,42.4746,-82.7257
Michigan,42.4726,-82.725
Michigan,42.3738,-82.828
Michigan,42.3469,-82.944
Michigan,42.3382,-82.955
Michigan,42.3098,-83.0779
Michigan,42.2392,-83.1294
Michigan,42.1741,-83.1342
Michigan,42.1267,-83.1212
Michigan,42.0411,-83.1493
Michigan,41.96,-83.1116
Michigan,41.7344,-83.4164
Michigan,41.7211,-83.8724
Michigan,41.7057,-84.3736
Michigan,41.6965,-84.8062
Michigan,41.7611,-84.8076
Michigan,41.7621,-87.2067
Michigan,42.4934,-87.0241
Michigan,43.3771,-87.1477
Michigan,43.7056,-87.1216
Michigan,43.9958,-87.0474
Michigan,44.1674,-86.9939
Michigan,44.472,-86.8662
Michigan,44.8841,-86.6849
Michigan,45.0813,-86.5009
Michigan,45.2353,-86.2495
Michigan,45.4438,-86.7563
Michigan,45.4438,-87.0996
Michigan,45.3772,-87.1518
Michigan,45.3502,-87.171
Michigan,45.2401,-87.3166
Michigan,45.2024,-87.4059
Michigan,45.0774,-87.4416
Michigan,45.091,-87.5912
Michigan,45.1036,-87.6407
Michigan,45.2207,-87.697
Michigan,45.3367,-87.6476
Michigan,45.3878,-87.6984
Michigan,45.3425,-87.8494
Michigan,45.5025,-87.7959
Michigan,45.6726,-87.789
Michigan,45.757,-87.9318
Michigan,45.7953,-87.9922
Michigan,45.8058,-88.1186
Michigan,45.8585,-88.087
Michigan,45.9531,-88.1955
Michigan,45.9722,-88.3438
Michigan,45.9836,-88.3891
Michigan,46.0113,-88.5457
Michigan,45.997,-88.7022
Michigan,46.0227,-88.8135
Michigan,46.0418,-88.8547
Michigan,46.1408,-89.0936
Michigan,46.3384,-90.1222
Michigan,46.5692,-90.4175
Michigan,46.9034,-90.2019
Michigan,47.2913,-89.9547
Michigan,48.0129,-89.4946
Michigan,47.9743,-89.3381
Michigan,48.2448,-88.6761
Michigan,48.3042,-88.3726
Minnesota,43.5008,-96.4517
Minnesota,43.5017,-91.2195
Minnesota,43.8226,-91.3101
Minnesota,43.9651,-91.4914
Minnesota,44.1113,-91.7084
Minnesota,44.2806,-91.8951
Minnesota,44.371,-91.9556
Minnesota,44.4357,-92.2083
Minnesota,44.5513,-92.336
Minnesota,44.6501,-92.6367
Minnesota,44.7877,-92.7658
Minnesota,45.3135,-92.7081
Minnesota,45.4505,-92.6532
Minnesota,45.6083,-92.8482
Minnesota,45.8307,-92.7356
Minnesota,45.976,-92.5159
Minnesota,46.0151,-92.3566
Minnesota,46.0789,-92.2934
Minnesota,46.5957,-92.2879
Minnesota,47.3072,-90.6564
Minnesota,47.2885,-89.9615
Minnesota,48.012,-89.4919
Minnesota,48.0193,-89.7583
Minnesota,48.0285,-89.9931
Minnesota,48.0827,-90.0261
Minnesota,48.1074,-90.1758
Minnesota,48.0955,-90.3502
Minnesota,48.1074,-90.4834
Minnesota,48.1175,-90.5644
Minnesota,48.0928,-90.7471
Minnesota,48.1588,-90.7759
Minnesota,48.2402,-90.8405
Minnesota,48.2174,-90.9792
Minnesota,48.0726,-91.3252
Minnesota,48.0505,-91.5738
Minnesota,48.1166,-91.707
Minnesota,48.1963,-91.7166
Minnesota,48.2494,-91.9844
Minnesota,48.3188,-92.0078
Minnesota,48.3544,-92.0531
Minnesota,48.3599,-92.1561
Minnesota,48.3307,-92.2975
Minnesota,48.2475,-92.2742
Minnesota,48.2228,-92.3717
Minnesota,48.3854,-92.4609
Minnesota,48.4474,-92.5104
Minnesota,48.4611,-92.7122
Minnesota,48.4984,-92.634
Minnesota,48.5403,-92.6395
Minnesota,48.6393,-93.2066
Minnesota,48.5884,-93.4648
Minnesota,48.5439,-93.4621
Minnesota,48.5166,-93.8013
Minnesota,48.6284,-93.8356
Minnesota,48.6547,-94.2531
Minnesota,48.7046,-94.2792
Minnesota,48.6982,-94.4467
Minnesota,48.7861,-94.6925
Minnesota,48.8756,-94.6788
Minnesota,49.0955,-94.7488
Minnesota,49.1889,-94.7955
Minnesota,49.3189,-94.8175
Minnesota,49.3815,-94.9631
Minnesota,49.3538,-95.04
Minnesota,49.3681,-95.1196
Minnesota,49.3877,-95.1553
Minnesota,48.9991,-95.1553
Minnesota,49,-97.2304
Minnesota,48.8647,-97.1851
Minnesota,48.7806,-97.1576
Minnesota,48.6683,-97.104
Minnesota,48.5539,-97.1645
Minnesota,48.2832,-97.1411
Minnesota,48.1578,-97.1397
Minnesota,47.9633,-97.0587
Minnesota,47.7098,-96.9434
Minnesota,47.5821,-96.8582
Minnesota,47.2345,-96.8335
Minnesota,46.6702,-96.8005
Minnesota,46.5135,-96.7126
Minnesota,46.2786,-96.6028
Minnesota,46.0189,-96.5767
Minnesota,45.8173,-96.5891
Minnesota,45.6169,-96.8486
Minnesota,45.4601,-96.7456
Minnesota,45.3676,-96.5918
Minnesota,45.2961,-96.4558
Minnesota,43.5008,-96.4531
Missouri,40.6181,-91.7468
Missouri,40.5597,-91.6809
Missouri,40.5472,-91.626
Missouri,40.4658,-91.5463
Missouri,40.3675,-91.4337
Missouri,40.1663,-91.5161
Missouri,39.9866,-91.49
Missouri,39.8634,-91.4447
Missouri,39.7283,-91.3623
Missouri,39.6861,-91.3074
Missouri,39.5464,-91.1096
Missouri,39.4022,-90.9558
Missouri,39.245,-90.7306
Missouri,38.9893,-90.6812
Missouri,38.8697,-90.5878
Missouri,38.9722,-90.4504
Missouri,38.8868,-90.1813
Missouri,38.8269,-90.1154
Missouri,38.7155,-90.1978
Missouri,38.4149,-90.3186
Missouri,38.2597,-90.379
Missouri,37.9572,-89.9341
Missouri,37.6925,-89.5331
Missouri,37.4007,-89.4287
Missouri,37.2784,-89.5386
Missouri,37.1734,-89.4452
Missouri,37.0859,-89.3793
Missouri,36.9938,-89.2859
Missouri,37.0311,-89.1829
Missouri,36.9839,-89.1403
Missouri,36.9466,-89.1005
Missouri,36.7884,-89.1788
Missouri,36.6288,-89.2035
Missouri,36.5449,-89.2516
Missouri,36.6188,-89.3532
Missouri,36.5538,-89.4397
Missouri,36.4942,-89.5358
Missouri,36.3594,-89.5331
Missouri,36.2509,-89.5345
Missouri,36.0891,-89.61
Missouri,36.0002,-89.7116
Missouri,35.9958,-90.3735
Missouri,36.1223,-90.2747
Missouri,36.2886,-90.0934
Missouri,36.3903,-90.0769
Missouri,36.4213,-90.1538
Missouri,36.5008,-90.1538
Missouri,36.4975,-94.6184
Missouri,38.9722,-94.6143
Missouri,39.1982,-94.6143
Missouri,39.1684,-94.7241
Missouri,39.279,-94.8834
Missouri,39.5612,-95.1086
Missouri,39.7283,-94.8834
Missouri,39.8296,-94.8944
Missouri,39.8845,-94.9384
Missouri,39.8971,-95.0153
Missouri,39.8718,-95.0922
Missouri,40.0066,-95.3119
Missouri,40.246,-95.4794
Missouri,40.3256,-95.6635
Missouri,40.5879,-95.7527
Missouri,40.5795,-94.3135
Missouri,40.5962,-92.5818
Missouri,40.614,-91.7358
Mississippi,35.0041,-90.3049
Mississippi,35.0075,-88.1955
Mississippi,34.8882,-88.0994
Mississippi,34.7044,-88.1241
Mississippi,33.6661,-88.2573
Mississippi,31.8939,-88.4756
Mississippi,30.8657,-88.418
Mississippi,30.1594,-88.385
Mississippi,30.0905,-88.8327
Mississippi,30.2104,-89.187
Mississippi,30.157,-89.4919
Mississippi,30.1796,-89.5757
Mississippi,30.3326,-89.6457
Mississippi,30.5232,-89.7748
Mississippi,30.6663,-89.8531
Mississippi,30.9988,-89.7377
Mississippi,30.9988,-91.6287
Mississippi,31.0341,-91.5601
Mississippi,31.1106,-91.6273
Mississippi,31.1658,-91.5916
Mississippi,31.2304,-91.6589
Mississippi,31.2656,-91.6452
Mississippi,31.2609,-91.5436
Mississippi,31.3724,-91.5271
Mississippi,31.4099,-91.5161
Mississippi,31.5071,-91.512
Mississippi,31.5692,-91.4502
Mississippi,31.623,-91.5147
Mississippi,31.6253,-91.3966
Mississippi,31.7936,-91.3513
Mississippi,31.8589,-91.2744
Mississippi,31.9755,-91.1673
Mississippi,32.0267,-91.0767
Mississippi,32.1198,-91.0767
Mississippi,32.1942,-91.0437
Mississippi,32.2221,-91.0107
Mississippi,32.315,-90.9132
Mississippi,32.3742,-91.0313
Mississippi,32.4263,-91.0217
Mississippi,32.4634,-91.0986
Mississippi,32.607,-91.008
Mississippi,32.5746,-91.1096
Mississippi,32.6394,-91.1536
Mississippi,32.7226,-91.1426
Mississippi,32.7873,-91.1426
Mississippi,32.8519,-91.1536
Mississippi,32.8796,-91.1206
Mississippi,32.9257,-91.2195
Mississippi,32.9995,-91.2085
Mississippi,33.0444,-91.2016
Mississippi,33.1192,-91.2016
Mississippi,33.1835,-91.1041
Mississippi,33.3397,-91.1536
Mississippi,33.4223,-91.1646
Mississippi,33.4337,-91.2291
Mississippi,33.5414,-91.2524
Mississippi,33.6135,-91.1838
Mississippi,33.6878,-91.2524
Mississippi,33.6969,-91.1261
Mississippi,33.7883,-91.1426
Mississippi,33.77,-91.0437
Mississippi,33.8339,-91.0327
Mississippi,33.8795,-91.0657
Mississippi,33.9434,-91.0876
Mississippi,33.9889,-90.9998
Mississippi,34.0253,-90.9229
Mississippi,34.0891,-90.9009
Mississippi,34.1345,-90.9668
Mississippi,34.1709,-90.9119
Mississippi,34.1345,-90.8501
Mississippi,34.2277,-90.9338
Mississippi,34.2833,-90.8267
Mississippi,34.3434,-90.6921
Mississippi,34.3774,-90.6509
Mississippi,34.3978,-90.6152
Mississippi,34.4432,-90.5589
Mississippi,34.5179,-90.574
Mississippi,34.588,-90.5823
Mississippi,34.7506,-90.5356
Mississippi,34.7913,-90.5136
Mississippi,34.878,-90.4532
Mississippi,34.8476,-90.3543
Mississippi,34.8702,-90.2911
Mississippi,35.0041,-90.3062
Montana,44.475,-111.0512
Montana,44.7311,-111.3684
Montana,44.6198,-111.5071
Montana,44.5386,-111.4673
Montana,44.5151,-111.8285
Montana,44.5592,-111.8848
Montana,44.5229,-112.1127
Montana,44.5367,-112.327
Montana,44.4475,-112.3901
Montana,44.4896,-112.7293
Montana,44.4181,-112.8296
Montana,44.3563,-112.8529
Montana,44.4857,-113.0205
Montana,44.5905,-113.0713
Montana,44.7389,-113.1152
Montana,44.8091,-113.2471
Montana,44.7887,-113.3459
Montana,44.9386,-113.497
Montana,45.0269,-113.4229
Montana,45.2749,-113.7085
Montana,45.4447,-113.7964
Montana,45.614,-113.8403
Montana,45.6908,-113.9722
Montana,45.5631,-114.1315
Montana,45.5525,-114.2358
Montana,45.4592,-114.3347
Montana,45.5439,-114.4652
Montana,45.5583,-114.5668
Montana,45.6755,-114.5215
Montana,45.7733,-114.5641
Montana,45.8613,-114.4391
Montana,45.9989,-114.4817
Montana,46.1237,-114.5132
Montana,46.2577,-114.4652
Montana,46.3441,-114.4171
Montana,46.453,-114.3896
Montana,46.5069,-114.3484
Montana,46.6504,-114.3279
Montana,46.6334,-114.4652
Montana,46.6362,-114.5929
Montana,46.7003,-114.7659
Montana,46.8423,-114.9307
Montana,47.0402,-115.1147
Montana,47.1888,-115.2933
Montana,47.2569,-115.329
Montana,47.3025,-115.5267
Montana,47.4253,-115.7547
Montana,47.5487,-115.7533
Montana,47.5793,-115.6956
Montana,47.9771,-116.0458
Montana,48.9991,-116.0458
Montana,48.9991,-104.0501
Montana,45.0269,-104.0186
Montana,45.0153,-104.0186
Montana,44.9978,-104.0199
Montana,44.9959,-111.0498
Montana,44.475,-111.0512
North Carolina,33.7963,-78.485
North Carolina,34.8037,-79.6742
North Carolina,34.8206,-80.8003
North Carolina,34.9377,-80.788
North Carolina,35.1019,-80.9377
North Carolina,35.0356,-81.0379
North Carolina,35.1457,-81.0324
North Carolina,35.166,-81.3867
North Carolina,35.1985,-82.2739
North Carolina,35.2041,-82.3933
North Carolina,35.0637,-82.7765
North Carolina,35.0817,-82.7861
North Carolina,34.9996,-83.1075
North Carolina,34.9918,-83.6183
North Carolina,34.9918,-84.3201
North Carolina,35.2131,-84.2885
North Carolina,35.268,-84.2226
North Carolina,35.231,-84.1113
North Carolina,35.2815,-84.0454
North Carolina,35.4058,-84.0248
North Carolina,35.4719,-83.9424
North Carolina,35.5166,-83.8559
North Carolina,35.5512,-83.6938
North Carolina,35.568,-83.5181
North Carolina,35.6327,-83.3849
North Carolina,35.7142,-83.2475
North Carolina,35.7799,-82.9962
North Carolina,35.8445,-82.9276
North Carolina,35.9224,-82.8191
North Carolina,35.9958,-82.771
North Carolina,36.0613,-82.6419
North Carolina,35.9702,-82.6103
North Carolina,35.9547,-82.5677
North Carolina,36.0236,-82.473
North Carolina,36.0669,-82.4194
North Carolina,36.1168,-82.3535
North Carolina,36.1345,-82.2862
North Carolina,36.1467,-82.1461
North Carolina,36.1035,-82.1228
North Carolina,36.1268,-82.0267
North Carolina,36.2797,-81.936
North Carolina,36.3527,-81.7987
North Carolina,36.3361,-81.7081
North Carolina,36.588,-81.6724
North Carolina,36.5659,-80.7234
North Carolina,36.5438,-80.2977
North Carolina,36.5449,-79.6729
North Carolina,36.5449,-77.2559
North Carolina,36.5505,-75.7562
North Carolina,36.3129,-75.7068
North Carolina,35.7131,-75.4129
North Carolina,35.2041,-75.472
North Carolina,34.9794,-76.0748
North Carolina,34.5258,-76.4951
North Carolina,34.588,-76.8109
North Carolina,34.5314,-77.1378
North Carolina,34.391,-77.4481
North Carolina,34.0481,-77.7983
North Carolina,33.7666,-77.926
North Carolina,33.7963,-78.4863
North Dakota,48.9955,-104.0501
North Dakota,45.9445,-104.0446
North Dakota,45.934,-96.5671
North Dakota,46.3242,-96.6028
North Dakota,46.6636,-96.7978
North Dakota,46.8602,-96.7896
North Dakota,46.9503,-96.7896
North Dakota,47.13,-96.8335
North Dakota,47.2345,-96.8335
North Dakota,47.4132,-96.8555
North Dakota,47.5469,-96.8555
North Dakota,47.6506,-96.8774
North Dakota,47.9918,-97.0601
North Dakota,48.1267,-97.126
North Dakota,48.2859,-97.1109
North Dakota,48.4301,-97.1233
North Dakota,48.553,-97.1425
North Dakota,48.6765,-97.0999
North Dakota,48.7326,-97.1356
North Dakota,48.7951,-97.1727
North Dakota,48.9081,-97.229
North Dakota,48.9982,-97.2331
North Dakota,48.9946,-104.0501
Nebraska,42.9986,-104.0543
Nebraska,41.0027,-104.0543
Nebraska,41.0006,-102.0506
Nebraska,40.0034,-102.0493
Nebraska,39.9992,-95.3091
Nebraska,40.2397,-95.4808
Nebraska,40.313,-95.647
Nebraska,40.4302,-95.6689
Nebraska,40.59,-95.75
Nebraska,40.6827,-95.8543
Nebraska,40.8138,-95.8447
Nebraska,40.9654,-95.8324
Nebraska,41.0794,-95.8667
Nebraska,41.2923,-95.8722
Nebraska,41.4458,-95.9354
Nebraska,41.5261,-95.9999
Nebraska,41.638,-96.0988
Nebraska,41.7703,-96.0686
Nebraska,41.8368,-96.1084
Nebraska,41.9677,-96.1372
Nebraska,42.033,-96.2402
Nebraska,42.1155,-96.2746
Nebraska,42.2021,-96.3583
Nebraska,42.2448,-96.3281
Nebraska,42.389,-96.4188
Nebraska,42.4731,-96.4037
Nebraska,42.5369,-96.6357
Nebraska,42.6057,-96.7099
Nebraska,42.6532,-96.6893
Nebraska,42.6602,-96.7621
Nebraska,42.7147,-96.839
Nebraska,42.7571,-96.9763
Nebraska,42.8085,-97.2029
Nebraska,42.8458,-97.229
Nebraska,42.8629,-97.3979
Nebraska,42.8427,-97.5133
Nebraska,42.8488,-97.6149
Nebraska,42.8659,-97.8456
Nebraska,42.747,-97.998
Nebraska,42.8337,-98.145
Nebraska,42.9293,-98.4485
Nebraska,42.9966,-98.502
Nebraska,43.0006,-104.0543
New Hampshire,45.0153,-71.5045
New Hampshire,45.0532,-71.4977
New Hampshire,45.091,-71.4619
New Hampshire,45.152,-71.4276
New Hampshire,45.2043,-71.396
New Hampshire,45.2362,-71.4455
New Hampshire,45.2372,-71.3878
New Hampshire,45.271,-71.3617
New Hampshire,45.3029,-71.2834
New Hampshire,45.2507,-71.2299
New Hampshire,45.2391,-71.1818
New Hampshire,45.2478,-71.1584
New Hampshire,45.2469,-71.1337
New Hampshire,45.2846,-71.1145
New Hampshire,45.3058,-71.0843
New Hampshire,44.923,-71.0527
New Hampshire,44.3592,-71.0143
New Hampshire,43.7364,-70.984
New Hampshire,43.5704,-70.9731
New Hampshire,43.3621,-70.9813
New Hampshire,43.2942,-70.903
New Hampshire,43.2272,-70.8083
New Hampshire,43.1411,-70.8261
New Hampshire,43.1,-70.7671
New Hampshire,43.0498,-70.697
New Hampshire,42.9222,-70.5583
New Hampshire,42.876,-70.6146
New Hampshire,42.8599,-70.8467
New Hampshire,42.886,-70.9195
New Hampshire,42.8105,-71.0609
New Hampshire,42.8125,-71.142
New Hampshire,42.7904,-71.1873
New Hampshire,42.7349,-71.1832
New Hampshire,42.745,-71.2463
New Hampshire,42.6986,-71.2972
New Hampshire,42.7077,-71.7421
New Hampshire,42.7268,-72.459
New Hampshire,42.7621,-72.5098
New Hampshire,42.8105,-72.5414
New Hampshire,42.8609,-72.5592
New Hampshire,42.8981,-72.5317
New Hampshire,42.9524,-72.54
New Hampshire,42.9745,-72.4919
New Hampshire,42.9906,-72.4658
New Hampshire,43.0127,-72.448
New Hampshire,43.0287,-72.4713
New Hampshire,43.0508,-72.4713
New Hampshire,43.0819,-72.4356
New Hampshire,43.104,-72.4452
New Hampshire,43.118,-72.4342
New Hampshire,43.1501,-72.459
New Hampshire,43.2052,-72.4329
New Hampshire,43.2562,-72.4384
New Hampshire,43.2812,-72.4095
New Hampshire,43.3741,-72.415
New Hampshire,43.4988,-72.3807
New Hampshire,43.5127,-72.4013
New Hampshire,43.5834,-72.3779
New Hampshire,43.642,-72.3134
New Hampshire,43.6758,-72.3024
New Hampshire,43.7036,-72.3079
New Hampshire,43.7344,-72.2694
New Hampshire,43.7741,-72.2035
New Hampshire,43.8187,-72.187
New Hampshire,43.8672,-72.1843
New Hampshire,43.889,-72.1568
New Hampshire,43.9117,-72.1321
New Hampshire,43.9454,-72.1198
New Hampshire,44.0017,-72.117
New Hampshire,44.0856,-72.047
New Hampshire,44.1093,-72.0552
New Hampshire,44.1428,-72.0387
New Hampshire,44.1763,-72.058
New Hampshire,44.1999,-72.0703
New Hampshire,44.2511,-72.0525
New Hampshire,44.2796,-72.0607
New Hampshire,44.3199,-72.0291
New Hampshire,44.3376,-71.9783
New Hampshire,44.3592,-71.9289
New Hampshire,44.3366,-71.8712
New Hampshire,44.3572,-71.8135
New Hampshire,44.3877,-71.8108
New Hampshire,44.4014,-71.7778
New Hampshire,44.4122,-71.738
New Hampshire,44.4416,-71.6597
New Hampshire,44.4642,-71.6542
New Hampshire,44.5073,-71.5855
New Hampshire,44.5357,-71.5746
New Hampshire,44.5601,-71.6048
New Hampshire,44.568,-71.5897
New Hampshire,44.568,-71.5649
New Hampshire,44.5914,-71.5485
New Hampshire,44.5993,-71.5649
New Hampshire,44.6315,-71.554
New Hampshire,44.6608,-71.5924
New Hampshire,44.7243,-71.613
New Hampshire,44.7526,-71.6364
New Hampshire,44.8198,-71.5746
New Hampshire,44.8325,-71.5526
New Hampshire,44.8539,-71.5553
New Hampshire,44.8744,-71.5279
New Hampshire,44.9123,-71.5018
New Hampshire,44.9366,-71.5182
New Hampshire,44.9697,-71.5237
New Hampshire,44.9862,-71.5443
New Hampshire,45.0017,-71.5237
New Hampshire,45.0163,-71.5045
New Jersey,41.3572,-74.695
New Jersey,41.3394,-74.6559
New Jersey,40.9934,-73.894
New Jersey,40.8398,-73.9586
New Jersey,40.7691,-74.0094
New Jersey,40.6994,-74.0231
New Jersey,40.6786,-74.0437
New Jersey,40.6515,-74.0808
New Jersey,40.6421,-74.1357
New Jersey,40.6452,-74.1962
New Jersey,40.5952,-74.2003
New Jersey,40.5566,-74.2195
New Jersey,40.4877,-74.2552
New Jersey,40.4762,-74.2264
New Jersey,40.5253,-73.9503
New Jersey,40.4846,-73.8885
New Jersey,40.0045,-73.9352
New Jersey,39.6131,-74.041
New Jersey,39.4744,-74.2209
New Jersey,38.9882,-74.6713
New Jersey,38.8664,-74.8553
New Jersey,38.8472,-75.0476
New Jersey,39.0565,-75.1685
New Jersey,39.2525,-75.325
New Jersey,39.45,-75.5544
New Jersey,39.4966,-75.5612
New Jersey,39.4998,-75.5283
New Jersey,39.5411,-75.5338
New Jersey,39.5761,-75.509
New Jersey,39.6237,-75.5708
New Jersey,39.6713,-75.5104
New Jersey,39.7167,-75.4843
New Jersey,39.8033,-75.4156
New Jersey,39.836,-75.2632
New Jersey,39.8823,-75.1918
New Jersey,40.118,-74.7922
New Jersey,40.139,-74.7331
New Jersey,40.2565,-74.8485
New Jersey,40.3361,-74.9419
New Jersey,40.402,-74.9721
New Jersey,40.424,-75.0627
New Jersey,40.4898,-75.0613
New Jersey,40.5733,-75.1067
New Jersey,40.5639,-75.2138
New Jersey,40.6192,-75.2028
New Jersey,40.6494,-75.2069
New Jersey,40.8284,-75.0806
New Jersey,40.8429,-75.0998
New Jersey,40.8689,-75.0504
New Jersey,40.9913,-75.1369
New Jersey,41.2293,-74.8677
New Jersey,41.3479,-74.7537
New Jersey,41.3469,-74.7249
New Jersey,41.3593,-74.696
New Mexico,36.9971,-109.0448
New Mexico,31.3337,-109.0489
New Mexico,31.3349,-108.214
New Mexico,31.7795,-108.2071
New Mexico,31.783,-106.5317
New Mexico,32.0034,-106.6223
New Mexico,31.9999,-103.0696
New Mexico,36.9982,-103.0023
New Mexico,36.9982,-109.0475
Nevada,41.9922,-120.0037
Nevada,42.0003,-117.9602
Nevada,42.0003,-117.0264
Nevada,42.0003,-115.73
Nevada,41.9952,-114.0436
Nevada,38.2856,-114.0546
Nevada,36.1955,-114.0491
Nevada,36.1334,-114.0985
Nevada,36.1068,-114.126
Nevada,36.0891,-114.115
Nevada,36.0313,-114.1534
Nevada,36.0136,-114.2468
Nevada,36.0624,-114.3292
Nevada,36.1024,-114.3237
Nevada,36.1434,-114.3896
Nevada,36.129,-114.5105
Nevada,36.1467,-114.5215
Nevada,36.1556,-114.5654
Nevada,36.1334,-114.6204
Nevada,36.1157,-114.6863
Nevada,36.0979,-114.7742
Nevada,36.058,-114.7357
Nevada,36.0447,-114.7522
Nevada,35.9691,-114.7412
Nevada,35.898,-114.7028
Nevada,35.8757,-114.6588
Nevada,35.8579,-114.7083
Nevada,35.8267,-114.6973
Nevada,35.8089,-114.7192
Nevada,35.6618,-114.6973
Nevada,35.6037,-114.6478
Nevada,35.5814,-114.6863
Nevada,35.5233,-114.6533
Nevada,35.5054,-114.6863
Nevada,35.407,-114.6149
Nevada,35.3218,-114.5929
Nevada,35.1783,-114.5737
Nevada,35.1199,-114.6094
Nevada,35.1109,-114.6368
Nevada,35.0929,-114.6368
Nevada,35.075,-114.6039
Nevada,35.048,-114.6259
Nevada,35.0345,-114.6478
Nevada,35.003,-114.6423
Nevada,35.1334,-114.8016
Nevada,37.2303,-117.5153
Nevada,39,-120.0009
Nevada,41.9942,-119.9982
New York,42.5142,-79.7624
New York,42.7783,-79.0672
New York,42.8508,-78.9313
New York,42.9061,-78.9024
New York,42.9554,-78.9313
New York,42.9584,-78.9656
New York,42.9886,-79.0219
New York,43.0568,-79.0027
New York,43.0769,-79.0727
New York,43.122,-79.0713
New York,43.1441,-79.0302
New York,43.1801,-79.0576
New York,43.2482,-79.0604
New York,43.2812,-79.0837
New York,43.4509,-79.2004
New York,43.6311,-78.6909
New York,43.6321,-76.7958
New York,43.9987,-76.4978
New York,44.0965,-76.4388
New York,44.1349,-76.3536
New York,44.1989,-76.3124
New York,44.2049,-76.2437
New York,44.2413,-76.1655
New York,44.2973,-76.1353
New York,44.3327,-76.0474
New York,44.3553,-75.9856
New York,44.3749,-75.9196
New York,44.3994,-75.873
New York,44.4308,-75.8221
New York,44.474,-75.8098
New York,44.5425,-75.7288
New York,44.6647,-75.5585
New York,44.7672,-75.4088
New York,44.8101,-75.3442
New York,44.8383,-75.3058
New York,44.8676,-75.2399
New York,44.9211,-75.1204
New York,44.9609,-74.9995
New York,44.9803,-74.9899
New York,44.9852,-74.9103
New York,45.0017,-74.8856
New York,45.0153,-74.8306
New York,45.0046,-74.7633
New York,45.0027,-74.707
New York,45.0007,-74.5642
New York,44.992,-74.1467
New York,45.0037,-73.7306
New York,45.0085,-73.4203
New York,45.0109,-73.343
New York,44.9874,-73.3547
New York,44.9648,-73.3379
New York,44.916,-73.3396
New York,44.8354,-73.3739
New York,44.8013,-73.3324
New York,44.7419,-73.3667
New York,44.6139,-73.3873
New York,44.5787,-73.3736
New York,44.4916,-73.3049
New York,44.4289,-73.2953
New York,44.3513,-73.3365
New York,44.2757,-73.3118
New York,44.198,-73.3818
New York,44.1142,-73.4079
New York,44.0511,-73.4367
New York,44.0165,-73.4065
New York,43.9375,-73.4079
New York,43.8771,-73.3749
New York,43.8167,-73.3914
New York,43.779,-73.3557
New York,43.646,-73.4244
New York,43.5893,-73.434
New York,43.5655,-73.3969
New York,43.6112,-73.3818
New York,43.6271,-73.3049
New York,43.5764,-73.3063
New York,43.5675,-73.2582
New York,43.5227,-73.2445
New York,43.2582,-73.2582
New York,42.9715,-73.2733
New York,42.8004,-73.2898
New York,42.746,-73.2664
New York,42.463,-73.3708
New York,42.084,-73.5095
New York,42.0218,-73.4903
New York,41.8808,-73.4999
New York,41.2953,-73.5535
New York,41.2128,-73.4834
New York,41.1011,-73.7275
New York,41.0237,-73.6644
New York,40.9851,-73.6578
New York,40.9509,-73.6132
New York,41.1869,-72.4823
New York,41.2551,-72.095
New York,41.3005,-71.9714
New York,41.3108,-71.9193
New York,41.1838,-71.7915
New York,41.1249,-71.7929
New York,41.0462,-71.7517
New York,40.6306,-72.9465
New York,40.5368,-73.4628
New York,40.4887,-73.8885
New York,40.5232,-73.949
New York,40.4772,-74.2271
New York,40.4861,-74.2532
New York,40.6468,-74.1866
New York,40.6556,-74.0547
New York,40.7618,-74.0156
New York,40.8699,-73.9421
New York,40.998,-73.8934
New York,41.0343,-73.9854
New York,41.3268,-74.6274
New York,41.3583,-74.7084
New York,41.3811,-74.7101
New York,41.4386,-74.8265
New York,41.5075,-74.9913
New York,41.6,-75.0668
New York,41.6719,-75.0366
New York,41.7672,-75.0545
New York,41.8808,-75.1945
New York,42.0013,-75.3552
New York,42.0003,-75.4266
New York,42.0013,-77.0306
New York,41.9993,-79.725
New York,42.0003,-79.7621
New York,42.1827,-79.7621
New York,42.5146,-79.7621
Ohio,38.4385,-82.3425
Ohio,38.5707,-82.2917
Ohio,38.5965,-82.1722
Ohio,38.7712,-82.1997
Ohio,39.0181,-82.0294
Ohio,38.875,-81.8729
Ohio,38.9359,-81.7644
Ohio,39.1865,-81.7397
Ohio,39.2812,-81.568
Ohio,39.4022,-81.4444
Ohio,39.346,-81.3661
Ohio,39.4479,-81.1244
Ohio,39.5549,-81.0352
Ohio,39.6565,-80.8374
Ohio,39.8676,-80.7948
Ohio,40.5941,-80.652
Ohio,40.6223,-80.5188
Ohio,42.321,-80.5229
Ohio,42.2153,-81.2521
Ohio,41.9962,-81.6806
Ohio,41.9962,-81.7094
Ohio,41.677,-82.3961
Ohio,41.6709,-82.6845
Ohio,41.9585,-83.1157
Ohio,41.7314,-83.4219
Ohio,41.6944,-84.8021
Ohio,39.1056,-84.8172
Ohio,39.1407,-84.7444
Ohio,39.096,-84.5068
Ohio,39.0459,-84.4052
Ohio,38.9434,-84.2857
Ohio,38.8055,-84.2432
Ohio,38.7712,-84.0866
Ohio,38.7519,-83.8916
Ohio,38.633,-83.6636
Ohio,38.6962,-83.5263
Ohio,38.5976,-83.2736
Ohio,38.6169,-83.1445
Ohio,38.7027,-83.0127
Ohio,38.7327,-82.8973
Ohio,38.5782,-82.8355
Ohio,38.3761,-82.5952
Oklahoma,37.0015,-103.0051
Oklahoma,36.503,-103.0037
Oklahoma,36.4986,-100.0003
Oklahoma,34.562,-99.9934
Oklahoma,34.3763,-99.6172
Oklahoma,34.4137,-99.5787
Oklahoma,34.3763,-99.429
Oklahoma,34.4534,-99.3823
Oklahoma,34.3616,-99.2505
Oklahoma,34.2129,-99.1818
Oklahoma,34.1982,-98.9648
Oklahoma,34.1232,-98.7424
Oklahoma,34.1254,-98.557
Oklahoma,34.0618,-98.4746
Oklahoma,34.1414,-98.3743
Oklahoma,34.1118,-98.1793
Oklahoma,34.006,-98.0818
Oklahoma,33.8966,-97.9843
Oklahoma,33.8487,-97.8662
Oklahoma,33.9798,-97.6932
Oklahoma,33.8841,-97.4529
Oklahoma,33.8282,-97.4611
Oklahoma,33.8237,-97.3622
Oklahoma,33.9001,-97.2166
Oklahoma,33.7426,-97.1645
Oklahoma,33.7392,-97.093
Oklahoma,33.9354,-96.9173
Oklahoma,33.8704,-96.8527
Oklahoma,33.8271,-96.7484
Oklahoma,33.8202,-96.5602
Oklahoma,33.7769,-96.5053
Oklahoma,33.6912,-96.3474
Oklahoma,33.8522,-96.0205
Oklahoma,33.8396,-95.8379
Oklahoma,33.8887,-95.7349
Oklahoma,33.8841,-95.5426
Oklahoma,33.8738,-95.2831
Oklahoma,33.957,-95.2171
Oklahoma,33.867,-95.0496
Oklahoma,33.7677,-94.8862
Oklahoma,33.6695,-94.6692
Oklahoma,33.6386,-94.4852
Oklahoma,35.3499,-94.4357
Oklahoma,36.3715,-94.5978
Oklahoma,36.4942,-94.6198
Oklahoma,36.9982,-94.6211
Oklahoma,37.0004,-103.0064
Oregon,46.2587,-124.2444
Oregon,46.2634,-124.0384
Oregon,46.2891,-124.0205
Oregon,46.2407,-123.9368
Oregon,46.2388,-123.8681
Oregon,46.2691,-123.739
Oregon,46.252,-123.6868
Oregon,46.2596,-123.6456
Oregon,46.2577,-123.5468
Oregon,46.2672,-123.4863
Oregon,46.2369,-123.4287
Oregon,46.1817,-123.4287
Oregon,46.1513,-123.3765
Oregon,46.1494,-123.3051
Oregon,46.1874,-123.1512
Oregon,46.138,-123.0222
Oregon,46.098,-122.9398
Oregon,46.0551,-122.8848
Oregon,45.9588,-122.8189
Oregon,45.9053,-122.8162
Oregon,45.8824,-122.7887
Oregon,45.8173,-122.7969
Oregon,45.7637,-122.7585
Oregon,45.6851,-122.775
Oregon,45.6505,-122.753
Oregon,45.6064,-122.5937
Oregon,45.5679,-122.4426
Oregon,45.5756,-122.3712
Oregon,45.5506,-122.3245
Oregon,45.5641,-122.2064
Oregon,45.5987,-122.0856
Oregon,45.6659,-121.8933
Oregon,45.6812,-121.8906
Oregon,45.7081,-121.8164
Oregon,45.6966,-121.756
Oregon,45.7254,-121.5335
Oregon,45.6928,-121.3907
Oregon,45.7081,-121.3646
Oregon,45.6582,-121.2039
Oregon,45.6083,-121.1957
Oregon,45.6102,-121.1462
Oregon,45.6524,-121.0803
Oregon,45.6582,-121.0144
Oregon,45.6467,-120.9814
Oregon,45.6563,-120.943
Oregon,45.6371,-120.91
Oregon,45.6755,-120.8524
Oregon,45.7445,-120.6052
Oregon,45.7158,-120.531
Oregon,45.6966,-120.4733
Oregon,45.7234,-120.2893
Oregon,45.7234,-120.2124
Oregon,45.7714,-120.1575
Oregon,45.8211,-119.968
Oregon,45.8498,-119.7839
Oregon,45.8575,-119.6658
Oregon,45.9149,-119.6136
Oregon,45.9244,-119.5724
Oregon,45.911,-119.5258
Oregon,45.9378,-119.2676
Oregon,45.9168,-119.1687
Oregon,45.9779,-119.0149
Oregon,46.0027,-118.9847
Oregon,45.997,-116.9165
Oregon,45.9569,-116.8781
Oregon,45.8957,-116.8588
Oregon,45.8747,-116.8066
Oregon,45.8307,-116.7902
Oregon,45.8192,-116.7654
Oregon,45.8231,-116.7105
Oregon,45.7828,-116.6748
Oregon,45.7828,-116.6144
Oregon,45.7522,-116.543
Oregon,45.6889,-116.5402
Oregon,45.6121,-116.4606
Oregon,45.5006,-116.5567
Oregon,45.464,-116.5567
Oregon,45.4447,-116.5869
Oregon,45.3213,-116.6721
Oregon,45.2633,-116.694
Oregon,45.1414,-116.7325
Oregon,45.1065,-116.7764
Oregon,45.0696,-116.7847
Oregon,45.0231,-116.8451
Oregon,44.9765,-116.8616
Oregon,44.9298,-116.8286
Oregon,44.7955,-116.9302
Oregon,44.7487,-117.0346
Oregon,44.5787,-117.1225
Oregon,44.5455,-117.1445
Oregon,44.4847,-117.2076
Oregon,44.4789,-117.2269
Oregon,44.4063,-117.2269
Oregon,44.3926,-117.2488
Oregon,44.3455,-117.1939
Oregon,44.2983,-117.2269
Oregon,44.257,-117.1774
Oregon,44.2609,-117.1445
Oregon,44.2806,-117.1005
Oregon,44.2314,-117.0511
Oregon,44.2491,-117.0428
Oregon,44.2432,-116.9797
Oregon,44.194,-116.9742
Oregon,44.1664,-116.8945
Oregon,44.0935,-116.933
Oregon,44.0836,-116.9714
Oregon,44.0521,-116.9879
Oregon,44.0244,-116.9302
Oregon,43.9533,-116.9659
Oregon,43.8207,-117.0209
Oregon,43.6639,-117.0264
Oregon,42.0024,-117.0264
Oregon,41.9983,-121.2836
Oregon,42.0085,-122.5003
Oregon,42.0064,-123.0798
Oregon,42.0105,-123.154
Oregon,42.0044,-123.2419
Oregon,42.0024,-123.6209
Oregon,41.9952,-124.3982
Oregon,42.1593,-124.5493
Oregon,42.6521,-124.5877
Oregon,42.8115,-124.7305
Oregon,43.7552,-124.4119
Oregon,46.0065,-124.2554
Oregon,46.2587,-124.2444
Pennsylvania,42.3261,-80.5174
Pennsylvania,42.3961,-80.0821
Pennsylvania,42.5167,-79.7621
Pennsylvania,42.0003,-79.7607
Pennsylvania,41.9983,-75.358
Pennsylvania,41.9431,-75.2673
Pennsylvania,41.8696,-75.1794
Pennsylvania,41.7713,-75.0586
Pennsylvania,41.6729,-75.0366
Pennsylvania,41.6021,-75.0641
Pennsylvania,41.5086,-74.9927
Pennsylvania,41.4283,-74.7935
Pennsylvania,41.3933,-74.707
Pennsylvania,41.2282,-74.8608
Pennsylvania,40.983,-75.1355
Pennsylvania,40.8554,-75.049
Pennsylvania,40.6806,-75.1904
Pennsylvania,40.5639,-75.2124
Pennsylvania,40.5743,-75.1025
Pennsylvania,40.5013,-75.06
Pennsylvania,40.4208,-75.0655
Pennsylvania,40.4072,-74.9776
Pennsylvania,40.3392,-74.9432
Pennsylvania,40.2628,-74.8389
Pennsylvania,40.1495,-74.7221
Pennsylvania,39.9592,-75.0929
Pennsylvania,39.837,-75.2577
Pennsylvania,39.8128,-75.4321
Pennsylvania,39.8317,-75.6477
Pennsylvania,39.7199,-75.7892
Pennsylvania,39.722,-80.5243
Pennsylvania,42.324,-80.5202
Rhode Island,41.3706,-71.0568
Rhode Island,41.3706,-71.0541
Rhode Island,41.6339,-71.1447
Rhode Island,41.6791,-71.1942
Rhode Island,41.7611,-71.2793
Rhode Island,41.7775,-71.3315
Rhode Island,41.7918,-71.3425
Rhode Island,41.8225,-71.3507
Rhode Island,41.8512,-71.337
Rhode Island,41.888,-71.3397
Rhode Island,41.9288,-71.3837
Rhode Island,42.0156,-71.3795
Rhode Island,42.0064,-71.7984
Rhode Island,41.675,-71.7874
Rhode Island,41.453,-71.7984
Rhode Island,41.3943,-71.8492
Rhode Island,41.3315,-71.852
Rhode Island,41.3057,-71.9041
Rhode Island,41.1849,-71.7915
Rhode Island,41.2665,-71.4084
South Carolina,32.0488,-80.7001
South Carolina,32.0453,-80.8978
South Carolina,32.1105,-81.1134
South Carolina,32.2058,-81.1423
South Carolina,32.3846,-81.1821
South Carolina,32.4576,-81.1986
South Carolina,32.5283,-81.2769
South Carolina,32.5838,-81.4087
South Carolina,32.6926,-81.4183
South Carolina,32.8242,-81.4746
South Carolina,32.9465,-81.5117
South Carolina,33.0098,-81.5034
South Carolina,33.0777,-81.601
South Carolina,33.1238,-81.7122
South Carolina,33.2065,-81.8289
South Carolina,33.3443,-81.9319
South Carolina,33.483,-82.028
South Carolina,33.586,-82.1475
South Carolina,33.6878,-82.2437
South Carolina,33.7609,-82.2437
South Carolina,33.8305,-82.3576
South Carolina,33.9308,-82.5018
South Carolina,33.965,-82.5471
South Carolina,34.0947,-82.6625
South Carolina,34.1664,-82.7216
South Carolina,34.3434,-82.793
South Carolina,34.4647,-82.8905
South Carolina,34.476,-82.9893
South Carolina,34.5281,-83.0855
South Carolina,34.6581,-83.3121
South Carolina,34.7326,-83.3588
South Carolina,34.8318,-83.2983
South Carolina,34.9276,-83.1459
South Carolina,34.9996,-83.1047
South Carolina,35.0817,-82.7779
South Carolina,35.2075,-82.392
South Carolina,35.1974,-82.2203
South Carolina,35.148,-81.0379
South Carolina,35.0446,-81.0324
South Carolina,35.1019,-80.9322
South Carolina,34.9344,-80.7811
South Carolina,34.8194,-80.7948
South Carolina,34.8048,-79.6756
South Carolina,34.2016,-78.956
South Carolina,33.7951,-78.4836
South Carolina,33.6489,-78.7871
South Carolina,33.2019,-79.0837
South Carolina,32.7607,-79.4476
South Carolina,32.5225,-79.8116
South Carolina,32.3556,-80.1508
South Carolina,32.2012,-80.424
South Carolina,32.05,-80.7001
South Dakota,45.9435,-104.0501
South Dakota,43.0026,-104.0529
South Dakota,42.9946,-98.4993
South Dakota,42.9283,-98.4444
South Dakota,42.8438,-98.1958
South Dakota,42.7773,-98.0571
South Dakota,42.7631,-97.9761
South Dakota,42.8599,-97.8566
South Dakota,42.8518,-97.229
South Dakota,42.8075,-97.2057
South Dakota,42.7157,-96.8486
South Dakota,42.5237,-96.622
South Dakota,42.4772,-96.4806
South Dakota,42.7299,-96.6289
South Dakota,43.0046,-96.5039
South Dakota,43.1331,-96.438
South Dakota,43.2262,-96.5561
South Dakota,43.3841,-96.5259
South Dakota,43.4848,-96.6138
South Dakota,43.4998,-96.4558
South Dakota,45.2981,-96.4545
South Dakota,45.4601,-96.7429
South Dakota,45.616,-96.8472
South Dakota,45.8202,-96.5849
South Dakota,45.9311,-96.5643
South Dakota,45.9416,-104.0501
Tennessee,36.6739,-88.0678
Tennessee,36.6354,-87.8522
Tennessee,36.6023,-83.6787
Tennessee,36.5946,-81.9402
Tennessee,36.6144,-81.9209
Tennessee,36.6111,-81.6518
Tennessee,36.3295,-81.7163
Tennessee,36.3516,-81.7973
Tennessee,36.2974,-81.9072
Tennessee,36.1212,-82.0308
Tennessee,36.1024,-82.1255
Tennessee,36.1434,-82.1475
Tennessee,36.1323,-82.245
Tennessee,36.1168,-82.3521
Tennessee,36.0702,-82.4167
Tennessee,35.9669,-82.5389
Tennessee,35.9702,-82.6076
Tennessee,36.0602,-82.6378
Tennessee,35.9925,-82.7751
Tennessee,35.9169,-82.8177
Tennessee,35.8623,-82.9042
Tennessee,35.7755,-83.0017
Tennessee,35.7131,-83.2393
Tennessee,35.5635,-83.4961
Tennessee,35.5501,-83.6938
Tennessee,35.5233,-83.8284
Tennessee,35.5065,-83.8847
Tennessee,35.4014,-84.0248
Tennessee,35.2905,-84.0276
Tennessee,35.2322,-84.1113
Tennessee,35.2624,-84.2294
Tennessee,35.2198,-84.2926
Tennessee,34.9884,-84.3201
Tennessee,34.9996,-90.3131
Tennessee,35.1233,-90.2843
Tennessee,35.1379,-90.1758
Tennessee,35.1985,-90.1112
Tennessee,35.2849,-90.1524
Tennessee,35.4372,-90.1346
Tennessee,35.5568,-90.0192
Tennessee,35.7343,-89.9547
Tennessee,35.8579,-89.7638
Tennessee,35.918,-89.6635
Tennessee,35.9947,-89.713
Tennessee,36.0902,-89.6759
Tennessee,36.1279,-89.5894
Tennessee,36.1856,-89.6484
Tennessee,36.2343,-89.7006
Tennessee,36.2531,-89.5331
Tennessee,36.2996,-89.621
Tennessee,36.3494,-89.5784
Tennessee,36.3406,-89.518
Tennessee,36.4964,-89.5345
Tennessee,36.5107,-89.3051
Tennessee,36.4986,-88.1667
Tennessee,36.4997,-88.0692
Tennessee,36.6871,-88.0637
Texas,31.8659,-106.5715
Texas,31.7504,-106.5042
Texas,31.6242,-106.3092
Texas,31.4638,-106.2103
Texas,31.3912,-106.0181
Texas,31.1846,-105.7874
Texas,31.0012,-105.5663
Texas,30.8456,-105.4015
Texas,30.6462,-105.0032
Texas,30.3847,-104.8521
Texas,30.2591,-104.7437
Texas,30.0738,-104.6915
Texas,29.9169,-104.6777
Texas,29.7644,-104.5679
Texas,29.6475,-104.528
Texas,29.5603,-104.4044
Texas,29.4719,-104.2067
Texas,29.3834,-104.1559
Texas,29.2948,-103.9774
Texas,29.2804,-103.9128
Texas,29.2481,-103.8208
Texas,29.1378,-103.564
Texas,29.0682,-103.4692
Texas,29.0105,-103.3154
Texas,28.9601,-103.1616
Texas,29.0177,-103.0957
Texas,29.133,-103.0298
Texas,29.2157,-102.8677
Texas,29.2565,-102.8979
Texas,29.357,-102.8375
Texas,29.4898,-102.8004
Texas,29.6881,-102.7002
Texas,29.7691,-102.5134
Texas,29.7596,-102.3843
Texas,29.8788,-102.3047
Texas,29.7834,-102.1509
Texas,29.7572,-101.7004
Texas,29.7644,-101.4917
Texas,29.6308,-101.2939
Texas,29.5269,-101.2582
Texas,29.3642,-101.0056
Texas,29.3056,-100.9204
Texas,29.1642,-100.7707
Texas,29.0946,-100.7007
Texas,28.9012,-100.6306
Texas,28.6593,-100.4974
Texas,28.4675,-100.3601
Texas,28.2778,-100.2969
Texas,28.1882,-100.1733
Texas,28.0526,-100.0195
Texas,27.9435,-99.9344
Texas,27.7638,-99.8438
Texas,27.6641,-99.7119
Texas,27.4839,-99.4812
Texas,27.3059,-99.5375
Texas,27.1948,-99.429
Texas,27.0175,-99.4455
Texas,26.8829,-99.3164
Texas,26.6867,-99.2065
Texas,26.4116,-99.0967
Texas,26.3574,-98.8138
Texas,26.2257,-98.6668
Texas,26.2343,-98.5474
Texas,26.1357,-98.3276
Texas,26.0457,-98.1697
Texas,26.0518,-97.9143
Texas,26.005,-97.6643
Texas,25.8419,-97.402
Texas,25.9074,-97.3526
Texas,25.9679,-97.0148
Texas,26.1789,-97.0697
Texas,26.8253,-97.2249
Texas,27.423,-97.0752
Texas,28.0599,-96.6096
Texas,28.4228,-95.9285
Texas,28.7568,-95.3036
Texas,29.0742,-94.7296
Texas,29.381,-94.3355
Texas,29.6021,-93.8205
Texas,29.8013,-93.9317
Texas,29.9157,-93.8136
Texas,30.0489,-93.723
Texas,30.1214,-93.6996
Texas,30.2021,-93.7216
Texas,30.2792,-93.7038
Texas,30.3278,-93.7628
Texas,30.3835,-93.7587
Texas,30.438,-93.701
Texas,30.5079,-93.7024
Texas,30.5362,-93.7299
Texas,30.6296,-93.6694
Texas,30.7466,-93.609
Texas,30.8114,-93.5527
Texas,30.8834,-93.5747
Texas,30.9376,-93.5307
Texas,31.0318,-93.5074
Texas,31.0812,-93.5266
Texas,31.1787,-93.5335
Texas,31.167,-93.598
Texas,31.3055,-93.6832
Texas,31.383,-93.6708
Texas,31.4369,-93.6887
Texas,31.5107,-93.7202
Texas,31.582,-93.8315
Texas,31.644,-93.8123
Texas,31.7188,-93.8232
Texas,31.7936,-93.8342
Texas,31.8309,-93.8782
Texas,31.8869,-93.9221
Texas,31.9335,-93.9661
Texas,32.0081,-94.043
Texas,33.4681,-94.043
Texas,33.5414,-94.043
Texas,33.5689,-94.1528
Texas,33.5872,-94.1968
Texas,33.5872,-94.2627
Texas,33.5689,-94.3176
Texas,33.5597,-94.3945
Texas,33.578,-94.4275
Texas,33.6055,-94.4275
Texas,33.6421,-94.4495
Texas,33.6329,-94.4879
Texas,33.6421,-94.5236
Texas,33.6695,-94.6637
Texas,33.7061,-94.7461
Texas,33.7791,-94.8999
Texas,33.8818,-95.0757
Texas,33.9251,-95.1526
Texas,33.9604,-95.2254
Texas,33.875,-95.2858
Texas,33.8841,-95.5399
Texas,33.8887,-95.7568
Texas,33.8408,-95.842
Texas,33.8556,-96.0274
Texas,33.6901,-96.3528
Texas,33.8442,-96.6179
Texas,33.8898,-96.5836
Texas,33.8955,-96.6673
Texas,33.8179,-96.7538
Texas,33.8613,-96.8335
Texas,33.8613,-96.8774
Texas,33.9388,-96.9159
Texas,33.7392,-97.0917
Texas,33.7449,-97.1645
Texas,33.8978,-97.218
Texas,33.8225,-97.3746
Texas,33.8305,-97.4611
Texas,33.8761,-97.446
Texas,33.9798,-97.6945
Texas,33.8476,-97.8648
Texas,33.8978,-97.9651
Texas,34.0299,-98.0983
Texas,34.1141,-98.1752
Texas,34.1425,-98.3743
Texas,34.064,-98.4773
Texas,34.1209,-98.5529
Texas,34.1232,-98.752
Texas,34.2095,-98.9539
Texas,34.2073,-99.0637
Texas,34.2141,-99.1832
Texas,34.3593,-99.2505
Texas,34.4613,-99.3823
Texas,34.3774,-99.4318
Texas,34.416,-99.5718
Texas,34.3706,-99.6158
Texas,34.4726,-99.8094
Texas,34.5631,-99.9934
Texas,36.4975,-100.0017
Texas,36.5008,-103.0408
Texas,32.0011,-103.0655
Texas,32.0023,-106.6168
Utah,36.9982,-114.0491
Utah,37.0026,-109.0462
Utah,40.9986,-109.0503
Utah,41.0006,-111.0471
Utah,41.9993,-111.0498
Utah,41.9901,-114.0395
Utah,37.0015,-114.0504
Virginia,36.6017,-83.6753
Virginia,36.6519,-83.5613
Virginia,36.6673,-83.4432
Virginia,36.7108,-83.308
Virginia,36.7389,-83.1974
Virginia,36.7433,-83.1363
Virginia,36.8032,-83.1047
Virginia,36.8302,-83.1033
Virginia,36.8544,-83.0704
Virginia,36.8478,-83.0127
Virginia,36.9839,-82.8534
Virginia,37.0086,-82.7971
Virginia,37.0442,-82.736
Virginia,37.2664,-82.3494
Virginia,37.3046,-82.3027
Virginia,37.5054,-82.0136
Virginia,37.538,-81.9681
Virginia,37.5139,-81.9259
Virginia,37.4889,-81.9707
Virginia,37.4563,-81.98
Virginia,37.4389,-81.9374
Virginia,37.3592,-81.9319
Virginia,37.3134,-81.8619
Virginia,37.2872,-81.7987
Virginia,37.2424,-81.7259
Virginia,37.2008,-81.6792
Virginia,37.2083,-81.5549
Virginia,37.2588,-81.4988
Virginia,37.2456,-81.4856
Virginia,37.2742,-81.4367
Virginia,37.3243,-81.3675
Virginia,37.2653,-81.2741
Virginia,37.2719,-81.156
Virginia,37.3025,-80.9802
Virginia,37.3396,-80.8566
Virginia,37.3876,-80.8786
Virginia,37.4247,-80.8511
Virginia,37.3702,-80.7715
Virginia,37.4749,-80.5518
Virginia,37.4792,-80.5133
Virginia,37.4247,-80.4803
Virginia,37.5097,-80.3018
Virginia,37.5359,-80.2798
Virginia,37.538,-80.3293
Virginia,37.6316,-80.2249
Virginia,37.6903,-80.3018
Virginia,37.7251,-80.2551
Virginia,37.7707,-80.2551
Virginia,37.8347,-80.1961
Virginia,37.8749,-80.1508
Virginia,38.0394,-79.9722
Virginia,38.1302,-79.9448
Virginia,38.1972,-79.9063
Virginia,38.2684,-79.7882
Virginia,38.3093,-79.8129
Virginia,38.3589,-79.7662
Virginia,38.3513,-79.7401
Virginia,38.3869,-79.7333
Virginia,38.4321,-79.6893
Virginia,38.4987,-79.6948
Virginia,38.5857,-79.6495
Virginia,38.5492,-79.5328
Virginia,38.4557,-79.4724
Virginia,38.4149,-79.3103
Virginia,38.5138,-79.2087
Virginia,38.6576,-79.1016
Virginia,38.6941,-79.0851
Virginia,38.7112,-79.1016
Virginia,38.7712,-79.0576
Virginia,38.7926,-79.0604
Virginia,38.7926,-79.0247
Virginia,38.8504,-78.9944
Virginia,38.7637,-78.8736
Virginia,38.8857,-78.783
Virginia,38.9327,-78.7198
Virginia,38.9071,-78.7129
Virginia,38.985,-78.6291
Virginia,38.9658,-78.6044
Virginia,39.017,-78.5522
Virginia,39.0384,-78.577
Virginia,39.0938,-78.5083
Virginia,39.1492,-78.4314
Virginia,39.1684,-78.4039
Virginia,39.1939,-78.4314
Virginia,39.347,-78.338
Virginia,39.3853,-78.338
Virginia,39.4659,-78.3469
Virginia,39.2283,-77.9744
Virginia,39.1338,-77.8302
Virginia,39.313,-77.7355
Virginia,39.3213,-77.709
Virginia,39.3043,-77.6218
Virginia,39.3067,-77.5686
Virginia,39.2248,-77.4567
Virginia,39.1543,-77.5226
Virginia,39.1277,-77.5243
Virginia,39.0914,-77.4687
Virginia,39.072,-77.4485
Virginia,39.0634,-77.3427
Virginia,39.0456,-77.2936
Virginia,39.0168,-77.2459
Virginia,38.9829,-77.2445
Virginia,38.968,-77.1834
Virginia,38.925,-77.112
Virginia,38.8798,-77.0464
Virginia,38.7538,-77.0444
Virginia,38.7142,-77.0409
Virginia,38.6635,-77.1312
Virginia,38.6319,-77.1285
Virginia,38.5935,-77.2456
Virginia,38.4547,-77.3094
Virginia,38.3904,-77.3046
Virginia,38.35,-77.2188
Virginia,38.4041,-77.0622
Virginia,38.4256,-77.0265
Virginia,38.3039,-76.9826
Virginia,38.2155,-76.8851
Virginia,38.1745,-76.5926
Virginia,37.9496,-76.2424
Virginia,37.9561,-76.0501
Virginia,37.9474,-75.9416
Virginia,37.9085,-75.9512
Virginia,37.9139,-75.8002
Virginia,37.9539,-75.6931
Virginia,37.9474,-75.6477
Virginia,37.9962,-75.6258
Virginia,38.0091,-75.4596
Virginia,38.0373,-74.9707
Virginia,37.3625,-75.5777
Virginia,36.8994,-75.818
Virginia,36.5516,-75.8043
Virginia,36.5516,-76.1476
Virginia,36.5516,-76.8617
Virginia,36.5516,-76.918
Virginia,36.5438,-76.918
Virginia,36.5505,-77.1803
Virginia,36.5449,-77.5278
Virginia,36.5427,-80.273
Virginia,36.5571,-80.5971
Virginia,36.5626,-80.7248
Virginia,36.5593,-80.8511
Virginia,36.5681,-81.1066
Virginia,36.5813,-81.4746
Virginia,36.5802,-81.5007
Virginia,36.5902,-81.6792
Virginia,36.6122,-81.6476
Virginia,36.6177,-81.9237
Virginia,36.5935,-81.936
Virginia,36.5957,-82.3961
Virginia,36.5935,-82.9344
Virginia,36.5957,-83.2654
Virginia,36.6023,-83.6746
Vermont,45.0104,-73.3427
Vermont,45.0134,-73.1827
Vermont,45.0153,-72.7432
Vermont,45.0134,-72.61
Vermont,45.0075,-72.5551
Vermont,45.009,-72.4562
Vermont,45.0037,-72.3113
Vermont,45.0066,-72.0964
Vermont,45.007,-71.9131
Vermont,45.0138,-71.5636
Vermont,45.0138,-71.5059
Vermont,44.9748,-71.5294
Vermont,44.9123,-71.4949
Vermont,44.8296,-71.5567
Vermont,44.7506,-71.6281
Vermont,44.7077,-71.6061
Vermont,44.6481,-71.5677
Vermont,44.5817,-71.5388
Vermont,44.5533,-71.6006
Vermont,44.5308,-71.5746
Vermont,44.4955,-71.5883
Vermont,44.4504,-71.6556
Vermont,44.4093,-71.7146
Vermont,44.3975,-71.7957
Vermont,44.3563,-71.8163
Vermont,44.3327,-71.8698
Vermont,44.3484,-71.9138
Vermont,44.3386,-71.9865
Vermont,44.3052,-72.0346
Vermont,44.2432,-72.0428
Vermont,44.193,-72.0662
Vermont,44.1349,-72.036
Vermont,44.0698,-72.058
Vermont,44.0017,-72.1101
Vermont,43.9671,-72.0937
Vermont,43.9088,-72.1252
Vermont,43.8682,-72.1733
Vermont,43.7899,-72.1994
Vermont,43.7899,-72.1994
Vermont,43.7384,-72.2392
Vermont,43.7056,-72.301
Vermont,43.6391,-72.3271
Vermont,43.5893,-72.3436
Vermont,43.5814,-72.3793
Vermont,43.5027,-72.3972
Vermont,43.4988,-72.3807
Vermont,43.415,-72.3999
Vermont,43.3601,-72.4123
Vermont,43.3591,-72.3903
Vermont,43.3282,-72.4081
Vermont,43.2762,-72.3999
Vermont,43.2342,-72.437
Vermont,43.1852,-72.4493
Vermont,43.1311,-72.448
Vermont,43.0679,-72.4507
Vermont,43.0067,-72.4438
Vermont,42.9846,-72.4699
Vermont,42.9645,-72.5276
Vermont,42.8951,-72.5331
Vermont,42.8639,-72.5633
Vermont,42.7863,-72.5098
Vermont,42.7652,-72.5166
Vermont,42.7541,-72.4741
Vermont,42.7289,-72.459
Vermont,42.7465,-73.2761
Vermont,42.8025,-73.2912
Vermont,42.8357,-73.285
Vermont,43.0679,-73.2678
Vermont,43.5022,-73.2472
Vermont,43.5615,-73.2561
Vermont,43.5774,-73.2939
Vermont,43.6271,-73.3049
Vermont,43.6271,-73.3557
Vermont,43.5675,-73.3976
Vermont,43.5883,-73.4326
Vermont,43.6351,-73.4285
Vermont,43.6684,-73.4079
Vermont,43.7031,-73.3907
Vermont,43.7701,-73.3516
Vermont,43.8207,-73.3928
Vermont,43.8533,-73.3832
Vermont,43.9033,-73.3969
Vermont,43.9365,-73.4086
Vermont,43.9795,-73.4134
Vermont,44.0427,-73.4381
Vermont,44.1058,-73.4141
Vermont,44.1921,-73.3928
Vermont,44.2393,-73.3427
Vermont,44.2467,-73.3186
Vermont,44.3484,-73.3406
Vermont,44.369,-73.3385
Vermont,44.4328,-73.2946
Vermont,44.5367,-73.3296
Vermont,44.5919,-73.3832
Vermont,44.6569,-73.377
Vermont,44.7477,-73.3681
Vermont,44.7857,-73.3317
Vermont,44.8043,-73.3324
Vermont,44.8398,-73.3818
Vermont,44.904,-73.3564
Vermont,44.9181,-73.3392
Vermont,44.9643,-73.3372
Vermont,44.9799,-73.3537
Vermont,45.0046,-73.3447
Vermont,45.0109,-73.3447
Vermont,45.0104,-73.3426
Washington,49.0023,-123.3208
Washington,49.0027,-123.0338
Washington,49.0018,-122.065
Washington,48.9973,-121.7491
Washington,48.9991,-121.5912
Washington,49.0009,-119.6082
Washington,49.0005,-118.0378
Washington,48.9996,-117.0319
Washington,47.9614,-117.0415
Washington,46.506,-117.0394
Washington,46.4274,-117.0394
Washington,46.3498,-117.0621
Washington,46.3384,-117.0277
Washington,46.2848,-116.9879
Washington,46.2388,-116.9577
Washington,46.2022,-116.9659
Washington,46.1722,-116.9254
Washington,46.1432,-116.9357
Washington,46.1009,-116.9584
Washington,46.0785,-116.9762
Washington,46.0537,-116.9433
Washington,45.996,-116.9165
Washington,46.0008,-118.033
Washington,45.9998,-118.9867
Washington,45.932,-119.1302
Washington,45.9278,-119.1708
Washington,45.9402,-119.2559
Washington,45.9354,-119.3047
Washington,45.922,-119.3644
Washington,45.9172,-119.4386
Washington,45.9067,-119.4894
Washington,45.9249,-119.5724
Washington,45.9196,-119.6013
Washington,45.8565,-119.67
Washington,45.8479,-119.8052
Washington,45.8278,-119.9096
Washington,45.8245,-119.9652
Washington,45.7852,-120.071
Washington,45.7623,-120.1705
Washington,45.7258,-120.211
Washington,45.7057,-120.3628
Washington,45.6951,-120.4829
Washington,45.7469,-120.5942
Washington,45.746,-120.634
Washington,45.7143,-120.6924
Washington,45.6721,-120.8558
Washington,45.6409,-120.9142
Washington,45.6572,-120.9471
Washington,45.6419,-120.9787
Washington,45.6529,-121.0645
Washington,45.6078,-121.1469
Washington,45.6083,-121.1847
Washington,45.6721,-121.2177
Washington,45.7057,-121.3392
Washington,45.6932,-121.401
Washington,45.7263,-121.5328
Washington,45.7091,-121.6145
Washington,45.6947,-121.7361
Washington,45.7067,-121.8095
Washington,45.6452,-121.9338
Washington,45.6088,-122.0451
Washington,45.5833,-122.1089
Washington,45.5838,-122.1426
Washington,45.566,-122.2009
Washington,45.5439,-122.2641
Washington,45.5482,-122.3321
Washington,45.5756,-122.3795
Washington,45.5636,-122.4392
Washington,45.6006,-122.5676
Washington,45.6236,-122.6891
Washington,45.6582,-122.7647
Washington,45.6817,-122.775
Washington,45.7613,-122.7619
Washington,45.8106,-122.7962
Washington,45.8642,-122.7839
Washington,45.912,-122.8114
Washington,45.9612,-122.8148
Washington,46.016,-122.8587
Washington,46.0604,-122.8848
Washington,46.0832,-122.9034
Washington,46.1028,-122.9597
Washington,46.1556,-123.0579
Washington,46.1865,-123.121
Washington,46.1893,-123.1664
Washington,46.1446,-123.281
Washington,46.147,-123.3703
Washington,46.1822,-123.4314
Washington,46.2293,-123.4287
Washington,46.2691,-123.4946
Washington,46.2582,-123.5557
Washington,46.2573,-123.6209
Washington,46.2497,-123.6875
Washington,46.2691,-123.7404
Washington,46.235,-123.8729
Washington,46.2383,-123.9292
Washington,46.2677,-123.9711
Washington,46.2924,-124.0212
Washington,46.2653,-124.0329
Washington,46.2596,-124.2444
Washington,46.4312,-124.2691
Washington,46.8386,-124.3529
Washington,47.1832,-124.438
Washington,47.4689,-124.5616
Washington,47.8012,-124.7566
Washington,48.0423,-124.8679
Washington,48.2457,-124.8679
Washington,48.3727,-124.8486
Washington,48.4984,-124.7539
Washington,48.4096,-124.4174
Washington,48.3599,-124.2389
Washington,48.2964,-124.0116
Washington,48.2795,-123.9141
Washington,48.2247,-123.5413
Washington,48.2539,-123.3998
Washington,48.2841,-123.2501
Washington,48.4233,-123.1169
Washington,48.4533,-123.1609
Washington,48.5548,-123.222
Washington,48.5902,-123.2336
Washington,48.6901,-123.2721
Washington,48.7675,-123.0084
Washington,48.8313,-123.0084
Washington,49.0023,-123.3215
Wisconsin,42.5116,-90.6303
Wisconsin,42.4954,-87.0241
Wisconsin,43.3721,-87.1477
Wisconsin,43.6838,-87.123
Wisconsin,44.1694,-86.9911
Wisconsin,44.4828,-86.8579
Wisconsin,44.8792,-86.6876
Wisconsin,45.2343,-86.2523
Wisconsin,45.4418,-86.7535
Wisconsin,45.4438,-87.1024
Wisconsin,45.3531,-87.1724
Wisconsin,45.2401,-87.3193
Wisconsin,45.1995,-87.41
Wisconsin,45.0784,-87.4443
Wisconsin,45.0987,-87.6379
Wisconsin,45.2217,-87.6956
Wisconsin,45.3367,-87.6462
Wisconsin,45.3869,-87.6956
Wisconsin,45.3425,-87.8549
Wisconsin,45.4813,-87.7945
Wisconsin,45.5679,-87.7945
Wisconsin,45.6764,-87.7876
Wisconsin,45.7934,-87.9936
Wisconsin,45.8077,-88.1145
Wisconsin,45.8728,-88.0733
Wisconsin,45.9521,-88.1982
Wisconsin,46.0122,-88.5498
Wisconsin,45.997,-88.7036
Wisconsin,46.038,-88.8451
Wisconsin,46.1389,-89.0909
Wisconsin,46.3412,-90.1195
Wisconsin,46.5664,-90.4147
Wisconsin,47.2876,-89.9615
Wisconsin,47.31,-90.6578
Wisconsin,46.7079,-92.0352
Wisconsin,46.5928,-92.2948
Wisconsin,46.0761,-92.2975
Wisconsin,46.0132,-92.3579
Wisconsin,45.9769,-92.5227
Wisconsin,45.8135,-92.7466
Wisconsin,45.614,-92.8564
Wisconsin,45.5477,-92.7754
Wisconsin,45.4293,-92.6587
Wisconsin,45.3029,-92.7136
Wisconsin,44.9648,-92.7466
Wisconsin,44.7877,-92.7686
Wisconsin,44.653,-92.6422
Wisconsin,44.5504,-92.3552
Wisconsin,44.4652,-92.2632
Wisconsin,44.4024,-92.0654
Wisconsin,44.258,-91.8745
Wisconsin,44.06,-91.6383
Wisconsin,43.9612,-91.4941
Wisconsin,43.8296,-91.3184
Wisconsin,43.644,-91.2524
Wisconsin,43.5167,-91.2305
Wisconsin,43.3342,-91.2085
Wisconsin,43.2932,-91.0547
Wisconsin,43.1651,-91.1865
Wisconsin,43.0257,-91.1536
Wisconsin,42.9082,-91.1426
Wisconsin,42.7692,-91.0547
Wisconsin,42.6915,-90.791
Wisconsin,42.634,-90.7031
Wisconsin,42.5096,-90.6303
West Virginia,39.7188,-79.4765
West Virginia,39.2057,-79.4806
West Virginia,39.4871,-79.0576
West Virginia,39.4394,-78.9725
West Virginia,39.6438,-78.7747
West Virginia,39.5369,-78.6703
West Virginia,39.521,-78.5742
West Virginia,39.521,-78.4644
West Virginia,39.6015,-78.4094
West Virginia,39.6395,-78.3517
West Virginia,39.6205,-78.2817
West Virginia,39.6839,-78.2405
West Virginia,39.6935,-78.1732
West Virginia,39.5972,-77.8835
West Virginia,39.4987,-77.7859
West Virginia,39.3279,-77.731
West Virginia,39.1279,-77.8271
West Virginia,39.4563,-78.3421
West Virginia,39.3407,-78.3408
West Virginia,39.1918,-78.4341
West Virginia,39.1652,-78.4053
West Virginia,39.0299,-78.5715
West Virginia,39.016,-78.5522
West Virginia,38.8846,-78.7843
West Virginia,38.7669,-78.8722
West Virginia,38.8451,-78.9917
West Virginia,38.7102,-79.0974
West Virginia,38.6555,-79.1029
West Virginia,38.4106,-79.3007
West Virginia,38.46,-79.4792
West Virginia,38.5342,-79.5314
West Virginia,38.5868,-79.6481
West Virginia,38.4869,-79.6962
West Virginia,38.4213,-79.6989
West Virginia,38.3557,-79.769
West Virginia,38.2813,-79.7937
West Virginia,38.1518,-79.9365
West Virginia,38.0232,-79.9818
West Virginia,37.8835,-80.137
West Virginia,37.7295,-80.2592
West Virginia,37.6795,-80.2881
West Virginia,37.6295,-80.2194
West Virginia,37.5391,-80.3224
West Virginia,37.5315,-80.2881
West Virginia,37.4988,-80.3032
West Virginia,37.4182,-80.4776
West Virginia,37.4814,-80.5119
West Virginia,37.3691,-80.7715
West Virginia,37.4214,-80.8635
West Virginia,37.3429,-80.8525
West Virginia,37.2872,-81.0516
West Virginia,37.2598,-81.2741
West Virginia,37.3254,-81.3675
West Virginia,37.2019,-81.5543
West Virginia,37.1953,-81.6724
West Virginia,37.2697,-81.7685
West Virginia,37.3003,-81.8701
West Virginia,37.3636,-81.9333
West Virginia,37.4574,-81.9772
West Virginia,37.4912,-82.0308
West Virginia,37.6142,-82.1558
West Virginia,37.8054,-82.3535
West Virginia,38.0481,-82.5513
West Virginia,38.1864,-82.6392
West Virginia,38.3761,-82.5966
West Virginia,38.4106,-82.4854
West Virginia,38.4407,-82.3412
West Virginia,38.589,-82.2876
West Virginia,38.5976,-82.1764
West Virginia,38.798,-82.2148
West Virginia,39.016,-82.028
West Virginia,38.9615,-81.9649
West Virginia,38.875,-81.8756
West Virginia,38.937,-81.7671
West Virginia,39.0117,-81.7657
West Virginia,39.08,-81.752
West Virginia,39.179,-81.7465
West Virginia,39.2642,-81.5872
West Virginia,39.3969,-81.4499
West Virginia,39.3481,-81.3675
West Virginia,39.4012,-81.237
West Virginia,39.4691,-81.1093
West Virginia,39.5644,-81.0104
West Virginia,39.612,-80.9198
West Virginia,39.6522,-80.8319
West Virginia,39.8054,-80.8072
West Virginia,39.8802,-80.7893
West Virginia,39.8518,-80.799
West Virginia,40.098,-80.7495
West Virginia,40.2282,-80.7262
West Virginia,40.3926,-80.6918
West Virginia,40.591,-80.6451
West Virginia,40.6338,-80.5188
West Virginia,39.7241,-80.5174
West Virginia,39.7209,-79.4778
Wyoming,41.0037,-104.0556
Wyoming,44.9949,-104.0584
Wyoming,44.9998,-111.0539
Wyoming,40.9986,-111.0457
Wyoming,41.0006,-104.0556
